Trial,Channel,Discovery_s,Clear_s,ClearInterval_s,DiscoveryToClear_s
1,10,59,372.593214861878,372.593214861878,313.593214861878
1,7,41,508.77377990589,136.180565044012,467.77377990589
1,13,77,831.312111135005,322.538331229115,754.312111135005
1,20,119,973.845304220269,142.533193085264,854.845304220269
1,9,873.312111135005,1234.49920417029,260.653899950021,361.187093035285
1,11,879.312111135005,1487.55973249919,253.0605283289,608.247621364185
1,4,23,1662.72239230678,175.162659807588,1639.72239230678
1,14,580.77377990589,1920.1427470682,257.420354761426,1339.36896716231
1,3,526.77377990589,2283.51154510409,363.368798035883,1756.7377651982
1,5,2882.90726495814,3069.84832193354,786.336776829456,186.941056975402
1,15,2906.90726495814,3293.80593054648,223.957608612938,386.89866558834
1,18,107,3666.03466317365,372.228732627167,3559.03466317365
1,17,2918.90726495814,3803.83477003075,137.800106857107,884.927505072614
1,6,2888.90726495814,3861.68114289792,57.8463728671672,972.773877939781
2,15,89,325.919306764249,325.919306764249,236.919306764249
2,13,77,480.894099098709,154.97479233446,403.894099098709
2,7,41,558.221170440109,77.3270713413998,517.221170440109
2,6,35,650.793279844355,92.5721094042459,615.793279844355
2,5,29,852.556541941786,201.763262097431,823.556541941786
2,18,930.556541941786,1214.5772696608,362.020727719009,284.020727719009
2,9,888.556541941786,1407.84424475948,193.266975098687,519.287702817695
2,1,858.556541941786,1649.68419670857,241.839951949087,791.127654766782
2,11,900.556541941786,1701.88579633078,52.2015996222094,801.329254388991
2,10,59,1818.3374021277,116.451605796919,1759.3374021277
2,14,2005.56403859709,2228.31653300477,409.979130877071,222.752494407675
2,3,343.919306764249,2322.99555813026,94.6790251254947,1979.07625136601
2,8,47,3285.69548107019,962.699922939923,3238.69548107019
2,17,101,3597.1371493782,311.441668308014,3496.1371493782
2,12,71,3672.60584389909,75.4686945208914,3601.60584389909
3,17,101,321.349676824508,321.349676824508,220.349676824508
3,10,381.349676824508,1032.21010060577,710.860423781262,650.860423781262
3,13,399.349676824508,1328.68293937385,296.47283876808,929.333262549342
3,2,11,1451.86944231664,123.186502942792,1440.86944231664
3,19,1128.21010060577,1706.84930118956,254.979858872916,578.639200583787
3,18,1790.84930118956,1975.59524898222,268.745947792658,184.745947792658
3,3,1987.59524898222,2359.06441820238,383.469169220162,371.469169220162
3,16,3026.62035037077,3212.24468381113,853.180265608755,185.624333440361
3,14,3086.62035037077,3591.47435872253,379.229674911399,504.85400835176
3,9,3068.62035037077,3741.14097886623,149.666620143698,672.520628495458
4,14,83,319.499937946809,319.499937946809,236.499937946809
4,4,620.017138174331,857.706666541898,538.20672859509,237.689528367567
4,19,113,1263.28940132971,405.582734787807,1150.28940132971
4,10,59,1399.34365170419,136.054250374486,1340.34365170419
4,12,71,1607.76745920552,208.423807501326,1536.76745920552
4,8,47,1795.98431292191,188.216853716396,1748.98431292191
4,17,1990.20458046093,2147.04989085752,351.065577935603,156.845310396587
4,3,337.499937946809,2203.71441781887,56.6645269613546,1866.21447987206
4,5,1636.76745920552,2738.84418237682,535.129764557944,1102.0767231713
4,18,2798.84418237682,3122.04165416409,383.197471787271,323.197471787271
5,1,5,322.971165209609,322.971165209609,317.971165209609
5,20,436.971165209609,879.820134960979,556.84896975137,442.84896975137
5,12,1065.39257415645,1236.32905069833,356.508915737351,170.936476541878
5,7,1035.39257415645,1357.11034125835,120.781290560019,321.717767101896
5,9,1047.39257415645,1551.90090086994,194.790559611588,504.508326713485
5,19,113,1763.83968555715,211.938784687216,1650.83968555715
5,10,2372.0395714041,2720.37329731466,956.533611757503,348.333725910561
5,5,29,3044.92081240581,324.547515091157,3015.92081240581
5,2,11,3185.4627148749,140.541902469085,3174.4627148749
5,17,101,3351.81820072252,166.355485847619,3250.81820072252
5,15,89,3383.85009329082,32.0318925683,3294.85009329082
5,16,95,3420.5195439682,36.6694506773824,3325.5195439682
5,3,17,3730.8573263276,310.337782359396,3713.8573263276
5,4,23,3986.73771321198,255.880386884383,3963.73771321198
6,3,17,422.870106354202,422.870106354202,405.870106354202
6,6,35,1671.19179746314,1248.32169110893,1636.19179746314
6,18,1572.76688619579,1904.98991154049,233.798114077351,332.223025344694
6,12,71,2240.93845429615,335.948542755664,2169.93845429615
6,7,41,2456.37780852614,215.439354229989,2415.37780852614
6,8,47,2570.30127350427,113.923464978135,2523.30127350427
6,11,2744.94127171864,3005.93014280153,435.628869297256,260.988871082893
6,4,23,3573.0201658444,567.090023042866,3550.0201658444
6,10,59,3735.27794778216,162.257781937766,3676.27794778216
6,5,29,3769.47853396565,34.2005861834864,3740.47853396565
7,14,83,434.056400249774,434.056400249774,351.056400249774
7,2,446.056400249774,676.76616775226,242.709767502486,230.709767502486
7,7,476.056400249774,885.266792378425,208.500624626165,409.210392128651
7,17,530.056400249774,941.404132518916,56.137340140491,411.347732269142
7,13,512.056400249774,1189.09756165304,247.693429134126,677.041161403268
7,6,35,1267.50401657086,78.4064549178172,1232.50401657086
7,3,1798.00469723345,1919.97416625316,652.470149682296,121.96946901971
7,11,65,2020.32708675353,100.352920500372,1955.32708675353
7,10,59,2068.10261633365,47.7755295801196,2009.10261633365
7,5,2433.54704341115,2739.58830802659,671.485691692939,306.041264615437
7,20,3459.02362270772,3768.59527707137,1029.00696904478,309.571654363652
8,6,35,328.743442527864,328.743442527864,293.743442527864
8,4,23,541.388348903676,212.644906375812,518.388348903676
8,20,119,558.232372752605,16.8440238489287,439.232372752605
8,14,83,722.051254297094,163.818881544489,639.051254297094
8,9,53,891.578899080603,169.527644783509,838.578899080603
8,13,77,965.581020149212,74.002121068609,888.581020149212
8,19,970.581020149212,1337.24160201187,371.660581862658,366.660581862658
8,11,1012.58102014921,1523.66146453648,186.419862524607,511.080444387265
8,12,1018.58102014921,1686.62756675116,162.966102214682,668.046546601948
8,1,1692.62756675116,1877.61389983664,190.986333085479,184.986333085479
8,16,95,2462.40223621275,584.788336376107,2367.40223621275
8,18,107,2555.89002811625,93.4877919035057,2448.89002811625
8,17,424.743442527864,2695.62517614643,139.73514803018,2270.88173361857
8,8,47,3012.14055890189,316.515382755454,2965.14055890189
8,15,89,3355.79143869106,343.650879789171,3266.79143869106
8,3,740.051254297094,3507.80345657425,152.012017883195,2767.75220227716
9,5,29,356.00469276721,356.00469276721,327.00469276721
9,15,440.00469276721,668.795176057191,312.790483289981,228.790483289981
9,20,470.00469276721,898.489444356355,229.694268299164,428.484751589145
9,13,77,1006.94994174712,108.460497390765,929.94994174712
9,11,65,1501.08465801808,494.134716270956,1436.08465801808
9,18,1735.09678852317,1912.63829413334,411.55363611526,177.541505610168
9,12,71,2071.79624936581,159.157955232471,2000.79624936581
9,9,53,2315.37474764538,243.578498279576,2262.37474764538
9,10,2363.37474764538,2506.81785880522,191.443111159834,143.443111159834
9,16,2375.37474764538,2850.17197157834,343.354112773128,474.797223932962
9,7,392.00469276721,3382.51233996265,532.340368384306,2990.50764719544
10,6,35,411.069600011266,411.069600011266,376.069600011266
10,1,5,923.447057898071,512.377457886805,918.447057898071
10,9,53,1080.44204221073,156.994984312663,1027.44204221073
10,15,1757.14929926657,1959.97311213734,879.53106992661,202.823812870771
10,17,2193.51374466277,2510.85343955965,550.880327422304,317.339694896879
10,10,59,2639.36153131475,128.508091755101,2580.36153131475
10,7,2145.51374466277,2900.51964906898,261.158117754227,755.005904406207
10,19,3093.49334637363,3388.01731413018,487.497665061207,294.523967756556
10,16,95,3544.70546471919,156.688150589004,3449.70546471919
10,8,47,3624.71903912132,80.0135744021336,3577.71903912132
10,4,3045.49334637363,3773.58565153531,148.86661241399,728.092305161683
10,12,3069.49334637363,3843.51940961816,69.9337580828537,774.026063244537
10,2,423.069600011266,4078.54774578697,235.028336168803,3655.4781457757
11,2,11,375.356246309889,375.356246309889,364.356246309889
11,14,453.356246309889,653.371753111042,278.015506801153,200.015506801153
11,15,818.968503288628,1110.98746391922,457.615710808179,292.018960630593
11,11,1164.98746391922,1249.02786838945,138.040404470233,84.0404044702329
11,12,1170.98746391922,1283.33825378318,34.3103853937239,112.350789863957
11,13,77,1573.71131654979,290.373062766615,1496.71131654979
11,18,107,1709.71116245381,135.999845904019,1602.71116245381
11,8,47,1758.58704909497,48.8758866411574,1711.58704909497
11,1,2393.22965390896,2524.50647692379,765.919427828818,131.276823014828
11,16,95,2623.58044181333,99.073964889541,2528.58044181333
11,6,35,2738.89742960309,115.31698778976,2703.89742960309
11,20,2792.89742960309,2991.47615511092,252.578725507835,198.578725507835
11,10,2774.89742960309,3121.40429553416,129.92814042324,346.506865931075
11,19,3069.67779160088,3290.55004457031,169.145749036144,220.872252969432
11,5,29,3704.3129339806,413.762889410293,3675.3129339806
12,8,47,298.161561628885,298.161561628885,251.161561628885
12,4,23,532.009305541511,233.847743912626,509.009305541511
12,16,882.695999337957,1117.83744992771,585.828144386195,235.141450589749
12,2,816.695999337957,1325.94093290568,208.10348297797,509.244933567718
12,10,352.161561628885,1523.03337157153,197.092438665859,1170.87180994265
12,3,316.161561628885,1720.72858515573,197.695213584193,1404.56702352684
12,19,406.161561628885,1882.00761036089,161.279025205166,1475.84604873201
12,18,400.161561628885,2033.02105594835,151.013445587453,1632.85949431946
12,15,382.161561628885,2213.52799551505,180.5069395667,1831.36643388616
12,11,65,2326.94244897531,113.414453460262,2261.94244897531
12,1,5,2460.81637712089,133.873928145581,2455.81637712089
12,6,35,2776.44750344002,315.631126319129,2741.44750344002
12,14,83,3093.14448144205,316.696978002028,3010.14448144205
12,7,41,3186.79622911083,93.6517476687841,3145.79622911083
12,13,77,3312.28015747598,125.483928365149,3235.28015747598
13,6,35,381.368870546957,381.368870546957,346.368870546957
13,18,107,589.435804874127,208.06693432717,482.435804874127
13,16,471.368870546957,811.970996634728,222.535191760601,340.602126087771
13,12,447.368870546957,929.964438370978,117.99344173625,482.595567824021
13,9,1138.1120958637,1235.97935673634,306.014918365365,97.8672608726399
13,2,1108.1120958637,1487.05883098986,251.079474253516,378.946735126156
13,1,5,1910.55004069265,423.491209702795,1905.55004069265
13,15,89,2060.60184387894,150.051803186288,1971.60184387894
13,20,119,2263.12476732601,202.522923447071,2144.12476732601
13,8,2772.57091604094,2849.03870488408,585.913937558067,76.4677888431397
13,14,83,3095.24698742162,246.208282537544,3012.24698742162
13,4,23,3200.32948700953,105.082499587909,3177.32948700953
13,13,77,3269.29961471851,68.9701277089775,3192.29961471851
13,5,3320.27451302289,3441.08331890167,171.783704183159,120.808805878781
13,17,477.368870546957,3671.67094681723,230.587627915563,3194.30207627027
14,2,11,355.74991658683,355.74991658683,344.74991658683
14,13,77,573.464973310569,217.715056723739,496.464973310569
14,8,397.74991658683,842.83591463889,269.370941328321,445.08599805206
14,16,908.83591463889,1101.77848055944,258.942565920553,192.942565920553
14,5,860.83591463889,1250.67437692054,148.895896361098,389.838462281651
14,7,1268.67437692054,1539.33869726597,288.664320345424,270.664320345424
14,4,1766.16458768547,2056.37064256569,517.031945299723,290.206054880221
14,6,35,2493.36284624275,436.992203677061,2458.36284624275
14,19,2783.53232306197,2866.17557089343,372.812724650683,82.6432478314587
14,1,2735.53232306197,3034.0772730673,167.901702173868,298.544950005326
14,15,439.74991658683,3598.28080814064,564.203535073335,3158.5308915538
14,3,17,3729.2307095735,130.949901432867,3712.2307095735
15,2,11,436.780931256881,436.780931256881,425.780931256881
15,15,89,575.010765803447,138.229834546567,486.010765803447
15,18,107,783.648403772531,208.637637969084,676.648403772531
15,1,5,1072.68627580047,289.037872027943,1067.68627580047
15,3,448.780931256881,2127.46283299843,1054.77655719796,1678.68190174155
15,6,466.780931256881,2603.06844623799,475.605613239566,2136.28751498111
15,4,454.780931256881,2823.62051716924,220.552070931241,2368.83958591236
15,14,514.780931256881,2938.08447200539,114.463954836156,2423.30354074851
15,20,3362.41065760834,3423.84853768287,485.76406567748,61.4378800745308
15,12,3338.41065760834,3682.30444804326,258.455910360383,343.893790434914
16,3,17,412.871243605836,412.871243605836,395.871243605836
16,13,77,602.428739271103,189.557495665267,525.428739271103
16,18,107,786.699611437725,184.270872166622,679.699611437725
16,12,71,898.112629134156,111.413017696432,827.112629134156
16,10,656.428739271103,1198.80806217868,300.695433044528,542.379322907582
16,8,644.428739271103,1452.80742078873,253.99935861005,808.378681517632
16,17,1518.80742078873,1616.28776185875,163.480341070014,97.4803410700138
16,2,11,2150.83562355852,534.547861699772,2139.83562355852
16,14,2092.06085111136,2352.75691797639,201.921294417871,260.696066865027
16,1,2050.06085111136,2609.12642085917,256.369502882777,559.065569747805
16,20,119,2697.1319337399,88.0055128807312,2578.1319337399
16,4,23,3017.68496551837,320.55303177847,2994.68496551837
16,9,3301.22284945172,3535.92249522779,518.237529709419,234.69964577607
16,11,65,3613.61447211463,77.6919768868429,3548.61447211463
17,11,65,336.269261214244,336.269261214244,271.269261214244
17,12,71,578.929389284324,242.66012807008,507.929389284324
17,7,41,611.873103069605,32.943713785281,570.873103069605
17,14,83,778.157844751024,166.284741681419,695.157844751024
17,16,95,864.394412261235,86.2365675102116,769.394412261235
17,1,622.873103069605,1081.28354960677,216.88913734553,458.41044653716
17,6,372.269261214244,1442.49625912067,361.212709513907,1070.22699790643
17,8,2325.64201498154,2437.6944753876,995.198216266925,112.052460406053
17,10,59,2675.62134481725,237.926869429656,2616.62134481725
17,13,77,2721.31995347702,45.6986086597717,2644.31995347702
17,9,53,2961.46129223827,240.141338761247,2908.46129223827
17,2,11,3171.91741059611,210.456118357843,3160.91741059611
17,17,694.873103069605,3402.48408227848,230.566671682362,2707.61097920887
18,9,53,310.453254573288,310.453254573288,257.453254573288
18,10,59,800.644619478457,490.191364905169,741.644619478457
18,6,35,1273.46095679765,472.816337319189,1238.46095679765
18,1,5,1369.53161979369,96.0706629960396,1364.53161979369
18,7,1037.70976655634,1529.02303440159,159.491414607907,491.313267845253
18,14,1067.70976655634,1657.25038746681,128.22735306522,589.540620910473
18,2,11,2049.42749343734,392.177105970528,2038.42749343734
18,13,2310.95697687087,2514.73821905361,465.310725616274,203.781242182749
18,19,113,2672.82183085266,158.083611799046,2559.82183085266
18,17,3014.3086540524,3106.44196522827,433.620134375607,92.1333111758722
19,16,95,378.145154604697,378.145154604697,283.145154604697
19,13,77,577.407505880841,199.262351276144,500.407505880841
19,6,35,1533.18412757552,955.776621694681,1498.18412757552
19,14,1610.18412757552,1877.04772838486,343.86360080934,266.86360080934
19,17,2231.21976349831,2527.28006904171,650.232340656847,296.060305543396
19,7,41,2660.8342627256,133.55419368389,2619.8342627256
19,1,2533.28006904171,2761.90866310733,101.074400381732,228.628594065622
19,18,2599.28006904171,2896.63728777649,134.728624669163,297.357218734785
19,19,2605.28006904171,3119.91798840954,223.280700633047,514.637919367832
19,11,2966.28503170912,3342.29070336641,222.372714956871,376.005671657291
19,4,3360.29070336641,3567.46805845848,225.177355092073,207.177355092073
20,4,23,372.516249416982,372.516249416982,349.516249416982
20,10,426.516249416982,685.140628516102,312.624379099119,258.624379099119
20,5,396.516249416982,998.984079424654,313.843450908553,602.467830007672
20,20,119,1149.22865370034,150.244574275684,1030.22865370034
20,8,1388.84616074276,1674.3476824225,525.119028722161,285.501521679735
20,18,1758.3476824225,1878.16636140114,203.818678978643,119.818678978643
20,19,113,2106.94335158408,228.776990182935,1993.94335158408
20,13,2414.3406434054,2557.69767222373,450.75432063965,143.357028818325
20,7,41,2767.62876259509,209.931090371363,2726.62876259509
20,11,65,2833.58079977467,65.952037179582,2768.58079977467
20,9,3176.50397590417,3288.07481798112,454.49401820645,111.570842076949
21,10,59,322.48989069853,322.48989069853,263.48989069853
21,15,406.48989069853,597.213594692569,274.723703994039,190.723703994039
21,5,352.48989069853,797.665465059296,200.451870366727,445.175574360766
21,12,71,1364.53684551202,566.871380452722,1293.53684551202
21,1,5,1769.05296700847,404.516121496453,1764.05296700847
21,7,41,2280.3148146764,511.261847667932,2239.3148146764
21,11,65,2327.94887286379,47.6340581873828,2262.94887286379
21,4,23,2703.53378999287,375.584917129086,2680.53378999287
21,18,2608.53462669259,2913.65147603959,210.117686046715,305.116849346998
21,6,35,3043.12892033071,129.477444291121,3008.12892033071
22,7,41,409.723711438311,409.723711438311,368.723711438311
22,20,523.723711438311,607.815874669926,198.092163231615,84.0921632316151
22,15,493.723711438311,663.992121707343,56.1762470374167,170.268410269032
22,5,752.222474153126,1121.01869633984,457.026574632499,368.796222186716
22,10,1169.01869633984,1300.77227408168,179.753577741839,131.753577741839
22,4,1145.01869633984,1352.01473082205,51.242456740373,206.996034482212
22,18,107,1637.29773133955,285.283000517492,1530.29773133955
22,17,101,1773.2663938485,135.968662508959,1672.2663938485
22,12,1821.2663938485,2107.38070591625,334.11431206775,286.11431206775
22,9,53,2599.25464943408,491.873943517831,2546.25464943408
22,14,2411.59178255001,2912.88111589068,313.626466456592,501.28933334067
23,4,23,341.70764111149,341.70764111149,318.70764111149
23,19,113,515.973422752443,174.265781640953,402.973422752443
23,7,41,659.505592422684,143.532169670241,618.505592422684
23,15,89,805.286482247178,145.780889824493,716.286482247178
23,3,17,1191.83433205735,386.547849810175,1174.83433205735
23,11,65,2015.39406151475,823.559729457401,1950.39406151475
23,12,1831.82575219913,2183.07196775625,167.6779062415,351.246215557127
23,13,77,2270.31645520612,87.2444874498638,2193.31645520612
23,14,1843.82575219913,2450.66405545455,180.347600248433,606.838303255423
23,8,47,2786.10829710363,335.444241649082,2739.10829710363
24,8,47,431.748936855247,431.748936855247,384.748936855247
24,10,485.748936855247,690.820276460474,259.071339605227,205.071339605227
24,20,545.748936855247,964.832057993169,274.011781532695,419.083121137922
24,13,503.748936855247,1076.27489083849,111.442832845325,572.525953983247
24,12,1343.22572304582,1644.3055531267,568.03066228821,301.079830080879
24,7,1995.63425307109,2311.00981114102,666.704258014317,315.375558069926
24,17,101,2603.04889062661,292.039079485587,2502.04889062661
24,18,2526.84739633094,2861.31433551918,258.265444892571,334.466939188241
24,2,3004.25921128632,3273.1614396537,411.847104134526,268.902228367386
24,6,35,3661.62783972328,388.466400069576,3626.62783972328
24,14,83,3740.83837433691,79.2105346136318,3657.83837433691
24,4,23,3948.86916013838,208.030785801465,3925.86916013838
25,15,89,313.53892806083,313.53892806083,224.53892806083
25,2,325.53892806083,625.48979672066,311.95086865983,299.95086865983
25,17,101,1015.58774975719,390.097953036529,914.587749757189
25,16,1092.58774975719,1282.1506944511,266.562944693912,189.562944693912
25,5,1032.58774975719,1480.05768658101,197.906992129908,447.469936823821
25,3,17,1722.46393018228,242.406243601267,1705.46393018228
25,13,77,2153.23863738902,430.774707206748,2076.23863738902
25,11,2390.62820205281,2536.01447063589,382.775833246863,145.386268583082
25,1,5,2657.94340581201,121.928935176123,2652.94340581201
25,12,71,2748.53563764002,90.5922318280091,2677.53563764002
25,7,41,2820.32496058155,71.7893229415272,2779.32496058155
25,14,2850.32496058155,3071.59219792368,251.267237342129,221.267237342129
25,10,2844.32496058155,3243.11500091494,171.522802991269,398.790040333397
25,18,3154.50607363483,3402.95644618431,159.841445269364,248.450372549476
25,4,23,3806.55089293184,403.594446747534,3783.55089293184
26,13,77,381.395874533737,381.395874533737,304.395874533737
26,5,29,557.780113608093,176.384239074356,528.780113608093
26,2,11,675.009078841503,117.22896523341,664.009078841503
26,14,83,730.154220549509,55.1451417080063,647.154220549509
26,6,35,872.567273945881,142.413053396372,837.567273945881
26,3,17,1038.62357292799,166.05629898211,1021.62357292799
26,18,1203.77049089969,1307.21050202667,268.586929098678,103.440011126975
26,7,890.567273945881,1429.71972689741,122.509224870736,539.152452951525
26,12,920.567273945881,1587.76057524279,158.04084834538,667.193301296905
26,1,5,1885.01611715637,297.255541913583,1880.01611715637
26,20,119,2664.23524841002,779.219131253649,2545.23524841002
26,10,2503.75562511947,2825.79722731315,161.56197890313,322.041602193681
26,16,2861.79722731315,3103.47776738519,277.680540072048,241.680540072048
26,17,2867.79722731315,3145.01123512402,41.5334677388228,277.21400781087
26,8,3003.31540765031,3345.87194002615,200.860704902132,342.556532375841
26,19,2991.31540765031,3405.50077064856,59.6288306224146,414.185362998255
27,12,71,371.282224179419,371.282224179419,300.282224179419
27,14,83,493.504793414278,122.22256923486,410.504793414278
27,18,907.394766437903,1129.96740119452,636.462607780243,222.572634756618
27,8,47,1283.88398149172,153.916580297195,1236.88398149172
27,9,53,1533.2482595627,249.364278070981,1480.2482595627
27,3,17,1559.3776285445,26.1293689818083,1542.3776285445
27,5,29,1627.04279257078,67.6651640262755,1598.04279257078
27,7,41,2374.80394308778,747.761150516997,2333.80394308778
27,19,113,2502.65782940132,127.853886313546,2389.65782940132
27,6,35,2678.37642024546,175.718590844133,2643.37642024546
27,2,2690.37642024546,2865.84601196553,187.46959172007,175.46959172007
28,8,47,300.031983199775,300.031983199775,253.031983199775
28,2,11,472.253198185884,172.22121498611,461.253198185884
28,17,101,578.515964119074,106.262765933189,477.515964119074
28,5,29,794.288649599076,215.772685480002,765.288649599076
28,9,348.031983199775,1089.6995817805,295.410932181422,741.667598580723
28,16,95,1597.90689636629,508.207314585794,1502.90689636629
28,3,17,2064.07010597861,466.163209612323,2047.07010597861
28,18,1850.89404831868,2354.54886072477,290.478754746154,503.654812406088
28,12,2642.67428081654,2748.06766329541,393.51880257064,105.393382478867
28,15,655.515964119074,3538.28539310457,790.217729809162,2882.7694289855
29,1,5,377.513855972438,377.513855972438,372.513855972438
29,9,53,527.609058330887,150.095202358449,474.609058330887
29,20,635.609058330887,801.910221366197,274.30116303531,166.30116303531
29,15,605.609058330887,1051.7920166219,249.881795255702,446.182958291012
29,11,581.609058330887,1117.45763273399,65.6656161120891,535.848574403101
29,7,563.609058330887,1226.61082534336,109.153192609366,663.001767012468
29,17,1792.6850999658,1998.10692036834,771.496095024981,205.421820402535
29,10,59,2111.85600194269,113.749081574351,2052.85600194269
29,8,47,2241.2565425782,129.40054063551,2194.2565425782
29,2,11,2355.78479708684,114.528254508643,2344.78479708684
29,12,936.408916225888,2652.87104416721,297.086247080367,1716.46212794132
29,19,2869.9371649625,3185.32787704558,532.456832878377,315.390712083085
29,5,3203.32787704558,3409.62250826976,224.294631224175,206.294631224175
29,18,3233.32787704558,3594.98788615544,185.365377885681,361.660009109857
29,3,3600.98788615544,3880.27778721045,285.289901055007,279.289901055007
30,18,107,379.920039894201,379.920039894201,272.920039894201
30,1,5,501.798551760166,121.878511865964,496.798551760166
30,10,59,680.750415439121,178.951863678955,621.750415439121
30,13,887.673198509461,1053.56845155795,372.818036118833,165.895253048493
30,12,1327.69790382612,1536.85020185039,483.281750292433,209.152298024264
30,4,1291.69790382612,1718.61642665513,181.766224804748,426.918522829012
30,2,11,1923.44627710281,204.82985044768,1912.44627710281
30,14,83,1997.45374879987,74.0074716970571,1914.45374879987
30,17,101,2089.03198540943,91.5782366095539,1988.03198540943
30,8,1742.61642665513,2393.14073824317,304.108752833747,650.524311588038
30,20,1784.61642665513,2626.36441226622,233.223674023047,841.747985611085
30,19,2858.40049306982,2930.15256734923,303.788155083015,71.7520742794104
30,5,29,3199.83296173862,269.680394389385,3170.83296173862
30,16,95,3291.24613635685,91.4131746182284,3196.24613635685
30,9,53,3336.37259196843,45.1264556115852,3283.37259196843
31,14,83,357.055252223285,357.055252223285,274.055252223285
31,18,459.055252223285,708.685848481384,351.630596258099,249.630596258099
31,7,399.055252223285,942.719723716831,234.033875235447,543.664471493546
31,4,801.216166835311,1181.71871914478,238.998995427949,380.502552309469
31,9,1380.92690068759,1504.33211387387,322.613394729086,123.405213186273
31,1,1344.92690068759,1665.4865090883,161.154395214435,320.559608400709
31,13,1918.24295824501,2102.74195675197,437.255447663664,184.498998506956
31,15,89,2272.83982886796,170.097872115992,2183.83982886796
31,5,2290.83982886796,2509.77743831105,236.937609443097,218.937609443097
31,10,3063.01618886706,3295.1432139196,785.365775608545,232.127025052539
32,13,77,419.396530839465,419.396530839465,342.396530839465
32,14,497.396530839465,777.027902879822,357.631372040357,279.631372040357
32,4,443.396530839465,877.635204353677,100.607301473855,434.238673514212
32,6,455.396530839465,1137.58270053177,259.947496178096,682.186169692308
32,16,95,1480.90971009567,343.327009563899,1385.90971009567
32,10,59,1993.31292799882,512.403217903146,1934.31292799882
32,19,2224.32299292842,2529.00542289016,535.692494891341,304.682429961744
32,7,41,2866.90700059706,337.901577706904,2825.90700059706
32,5,29,3000.10376374464,133.196763147579,2971.10376374464
32,9,53,3112.54954561086,112.445781866219,3059.54954561086
32,1,5,3204.13170810435,91.5821624934874,3199.13170810435
32,3,659.881926465198,3528.81976444607,324.688056341722,2868.93783798087
32,11,65,3771.67969470974,242.859930263667,3706.67969470974
33,4,23,331.811124517795,331.811124517795,308.811124517795
33,8,47,500.203640152178,168.392515634383,453.203640152178
33,1,5,604.37041998375,104.166779831572,599.37041998375
33,17,101,631.900911030764,27.5304910470143,530.900911030764
33,2,11,775.106374047258,143.205463016494,764.106374047258
33,19,113,1166.66138666434,391.555012617078,1053.66138666434
33,18,433.811124517795,1543.60959948025,376.948212815914,1109.79847496246
33,14,409.811124517795,1914.05398950314,370.444390022889,1504.24286498534
33,15,2252.05178655527,2561.60629930197,647.55230979883,309.554512746699
33,12,71,2648.51660821403,86.9103089120581,2577.51660821403
34,3,17,343.398709647369,343.398709647369,326.398709647369
34,4,361.398709647369,832.893916989976,489.495207342607,471.495207342607
34,8,1019.27285710622,1166.94284468424,334.048927694264,147.669987578018
34,10,1031.27285710622,1359.28778329275,192.344938608514,328.014926186532
34,16,95,1525.43462774709,166.146844454337,1430.43462774709
34,17,1425.28778329275,1820.19521971468,294.760591967589,394.907436421926
34,6,35,2006.52772428753,186.332504572846,1971.52772428753
34,12,71,2307.14241549178,300.614691204256,2236.14241549178
34,13,2922.41562627931,3020.64593415322,713.503518661435,98.2303078739105
34,18,107,3195.83503813739,175.189103984173,3088.83503813739
35,14,83,436.862763767178,436.862763767178,353.862763767178
35,2,11,577.182692838542,140.319929071364,566.182692838542
35,15,520.862763767178,673.931045862448,96.7483530239066,153.06828209527
35,6,472.862763767178,948.660581101335,274.729535238887,475.797817334157
35,7,478.862763767178,1099.7537958556,151.093214754268,620.891032088425
35,12,1690.35084428803,1934.8965526233,835.142756767694,244.545708335267
35,8,1666.35084428803,2051.69829266322,116.801740039921,385.347448375188
35,19,113,2201.07928213184,149.380989468619,2088.07928213184
35,17,2261.07928213184,2607.15529845051,406.076016318669,346.076016318669
35,16,95,3022.62554312447,415.470244673962,2927.62554312447
35,11,65,3109.59290600838,86.9673628839159,3044.59290600838
35,4,2786.81257413884,3470.44750688459,360.854600876206,683.634932745751
35,9,3494.44750688459,3597.49784273606,127.050335851472,103.050335851472
36,19,113,348.899673229798,348.899673229798,235.899673229798
36,10,408.899673229798,615.11951349005,266.219840260252,206.219840260252
36,13,743.870976548857,994.844784161229,379.725270671178,250.973807612371
36,20,1218.99885054445,1314.26328614883,319.418501987602,95.2644356043777
36,17,1212.99885054445,1476.7426783197,162.479392170871,263.743827775249
36,14,83,1907.06425453353,430.321576213834,1824.06425453353
36,8,47,1993.29354756944,86.2292930359081,1946.29354756944
36,2,11,2045.83218942923,52.5386418597895,2034.83218942923
36,6,35,2099.3152213216,53.483031892365,2064.3152213216
36,12,71,2161.66994869543,62.3547273738318,2090.66994869543
36,5,29,2313.61513190018,151.945183204753,2284.61513190018
36,9,1635.01531105681,2670.34781369747,356.732681797283,1035.33250264066
36,18,107,3408.90890277868,738.56108908122,3301.90890277868
36,15,438.899673229798,3582.55116187385,173.642259095162,3143.65148864405
36,3,366.899673229798,3768.67514687005,186.123984996199,3401.77547364025
37,15,89,319.059075620856,319.059075620856,230.059075620856
37,16,95,586.204113993006,267.14503837215,491.204113993006
37,2,331.059075620856,769.291723869777,183.087609876771,438.232648248921
37,5,967.11701759605,1248.94542563491,479.653701765137,281.828408038864
37,20,119,1362.99784466117,114.052419026252,1243.99784466117
37,6,1546.58463923056,1775.83054682298,412.832702161809,229.245907592419
37,1,1997.42846101067,2384.82560307187,608.995056248898,387.397142061203
37,10,2033.42846101067,2596.20320431816,211.377601246284,562.774743307487
37,19,2075.42846101067,2707.88367254136,111.680468223202,632.45521153069
37,18,107,3064.01478759475,356.131115053391,2957.01478759475
37,17,101,3155.2847194823,91.2699318875475,3054.2847194823
37,12,3895.46991566426,3987.96310261489,832.678383132595,92.493186950629
38,20,119,300.733666634026,300.733666634026,181.733666634026
38,2,11,491.524127056579,190.790460422553,480.524127056579
38,1,306.733666634026,698.722052263166,207.197925206587,391.98838562914
38,10,360.733666634026,802.754484604,104.032432340834,442.020817969974
38,5,330.733666634026,936.410650899149,133.656166295149,605.676984265123
38,17,1168.36275961682,1375.38540922026,438.974758321113,207.022649603439
38,11,1605.15659301659,1764.37574908943,388.990339869164,159.219156072836
38,9,1599.15659301659,2071.89200466433,307.516255574904,472.73541164774
38,12,71,2240.22651969581,168.334515031479,2169.22651969581
38,7,41,2748.57994182681,508.353422131001,2707.57994182681
38,14,83,2906.1867957094,157.606853882592,2823.1867957094
38,6,35,2963.69862856201,57.5118328526119,2928.69862856201
38,19,113,3027.74667102289,64.0480424608754,2914.74667102289
38,18,408.733666634026,3212.79138679993,185.044715777038,2804.0577201659
39,17,101,301.292669857186,301.292669857186,200.292669857186
39,11,1147.62860793221,1339.41567824741,1038.12300839023,191.787070315206
39,15,89,1562.35155351717,222.935875269753,1473.35155351717
39,14,83,1711.61650057153,149.264947054369,1628.61650057153
39,3,1900.9168012505,2215.5921899469,503.975689375362,314.6753886964
39,12,71,2414.49335038956,198.901160442661,2343.49335038956
39,20,119,2632.93129512429,218.437944734735,2513.93129512429
39,19,2710.93129512429,3090.21519880571,457.283903681418,379.283903681418
39,5,331.292669857186,3273.3297359896,183.114537183893,2942.03706613242
39,2,11,3297.78036097285,24.4506249832471,3286.78036097285
39,13,379.292669857186,3444.96209382596,147.181732853108,3065.66942396877
39,10,361.292669857186,3762.49008102612,317.527987200162,3401.19741116893
40,17,101,428.890167253518,428.890167253518,327.890167253518
40,19,536.890167253518,625.042282019158,196.15211476564,88.15211476564
40,12,1190.24688324496,1353.92848001134,728.886197992183,163.681596766383
40,11,1184.24688324496,1574.37617625395,220.44769624261,390.129293008993
40,16,95,1890.85712934065,316.480953086696,1795.85712934065
40,8,1616.37617625395,1991.61469341577,100.757564075124,375.23851716182
40,1,1729.27246451676,2205.76191583613,214.147222420361,476.489451319374
40,3,17,2494.31947557343,288.557559737297,2477.31947557343
40,2,11,2747.47285061308,253.153375039651,2736.47285061308
40,15,89,2886.37480130732,138.90195069424,2797.37480130732
41,10,59,391.669382923424,391.669382923424,332.669382923424
41,11,451.669382923424,631.030600331618,239.361217408194,179.361217408194
41,7,433.669382923424,907.209971781081,276.179371449463,473.540588857657
41,5,421.669382923424,996.307238018596,89.0972662375149,574.637855095172
41,20,505.669382923424,1004.21178614879,7.90454813019778,498.54240322537
41,15,89,1138.98596109387,134.774174945074,1049.98596109387
41,2,403.669382923424,1283.73953322994,144.753572136072,880.070150306516
41,13,1186.98596109387,1513.34670842735,229.607175197405,326.360747333477
41,6,35,1606.13569267178,92.7889842444361,1571.13569267178
41,3,17,1770.87909661363,164.743403941849,1753.87909661363
41,17,2452.12173475355,2550.29143367846,779.412337064832,98.1696989249094
41,9,53,2896.86158079879,346.57014712033,2843.86158079879
41,19,2944.86158079879,3056.29405674471,159.432475945913,111.432475945913
42,7,41,411.512964423905,411.512964423905,370.512964423905
42,10,465.512964423905,781.355757402704,369.842792978799,315.842792978799
42,4,23,928.675594381862,147.319836979158,905.675594381862
42,12,477.512964423905,1084.40976468353,155.734170301665,606.896800259623
42,5,29,1597.21388212628,512.804117442751,1568.21388212628
42,17,101,1705.52297872546,108.309096599184,1604.52297872546
42,9,53,1766.02158323643,60.4986045109692,1713.02158323643
42,1,5,1878.33855362497,112.316970388536,1873.33855362497
42,6,35,2058.18532979138,179.846776166411,2023.18532979138
42,11,65,2789.00118605083,730.815856259447,2724.00118605083
42,19,113,3176.84555878802,387.844372737191,3063.84555878802
42,13,77,3256.48519686482,79.6396380767983,3179.48519686482
43,2,11,302.236946659522,302.236946659522,291.236946659522
43,8,47,455.183738762163,152.946792102641,408.183738762163
43,3,314.236946659522,756.636104483396,301.452365721232,442.399157823873
43,11,804.636104483396,1128.77812748998,372.142023006586,324.142023006586
43,6,35,1693.60113567086,564.823008180875,1658.60113567086
43,16,95,1770.70943082353,77.108295152671,1675.70943082353
43,20,2053.61717029925,2192.93103136448,422.221600540958,139.313861065235
43,14,2023.61717029925,2412.57362741137,219.642596046882,388.956457112117
43,9,350.236946659522,3094.83168604819,682.258058636826,2744.59473938867
43,17,398.236946659522,3184.25557425491,89.4238882067184,2786.01862759539
43,4,23,3248.58527367691,64.3296994219963,3225.58527367691
43,5,326.236946659522,3307.56970454185,58.9844308649399,2981.33275788232
44,8,47,363.298774367615,363.298774367615,316.298774367615
44,4,23,491.143350234177,127.844575866563,468.143350234177
44,19,113,985.045836176776,493.902485942599,872.045836176776
44,12,551.143350234177,1170.4405224493,185.39468627252,619.297172215119
44,1,1265.56880897956,1431.42653552643,260.98601307713,165.857726546864
44,17,581.143350234177,1514.64724311204,83.2207075856159,933.503892877864
44,13,1319.56880897956,1638.42172196313,123.774478851089,318.852912983569
44,9,1890.37545624243,2032.30617073817,393.884448775038,141.930714495741
44,16,1920.37545624243,2108.27880878764,75.9726380494672,187.903352545208
44,7,41,2250.47668673473,142.197877947093,2209.47668673473
44,5,2787.13583740772,3126.84168747508,876.36500074035,339.705850067362
44,20,2769.13583740772,3321.65210333331,194.810415858227,552.516265925589
44,11,65,3370.56225489479,48.9101515614861,3305.56225489479
44,6,35,3418.04600083354,47.4837459387445,3383.04600083354
44,3,17,3465.32280764645,47.2768068129158,3448.32280764645
45,16,95,425.313863149332,425.313863149332,330.313863149332
45,9,479.313863149332,767.368208793698,342.054345644366,288.054345644366
45,8,473.313863149332,948.02809396516,180.659885171462,474.714230815829
45,12,71,1089.27053946941,141.242445504252,1018.27053946941
45,11,65,1612.90894138617,523.638401916758,1547.90894138617
45,14,83,1781.21815580257,168.309214416395,1698.21815580257
45,3,1302.34783882774,1973.67141526255,192.453259459988,671.323576434814
45,13,1338.34783882774,2081.69201280109,108.020597538539,743.344173973353
45,20,2051.67141526255,2353.04026794747,271.348255146372,301.368852684911
45,5,2673.56600978252,2972.03350630755,618.993238360087,298.467496525027
45,18,3026.03350630755,3320.80336197529,348.769855667738,294.769855667738
45,4,2990.03350630755,3345.14052500387,24.3371630285833,355.107018696321
45,6,2996.03350630755,3473.39773943717,128.257214433298,477.36423312962
45,19,3515.39773943717,3709.56218713339,236.164447696223,194.164447696223
46,3,17,333.022322033174,333.022322033174,316.022322033174
46,9,53,535.277903306618,202.255581273445,482.277903306618
46,6,35,652.416478159425,117.138574852806,617.416478159425
46,11,1724.05114035746,1889.83932075888,1237.42284259945,165.788180401413
46,12,71,2113.02464924128,223.185328482403,2042.02464924128
46,2,1688.05114035746,2249.20162531364,136.176976072359,561.150484956175
46,7,2968.08312842639,3231.45161433016,982.249989016519,263.36848590377
46,15,2998.08312842639,3402.65110678457,171.199492454414,404.567978358185
46,4,3414.65110678457,3612.47328420722,209.822177422647,197.822177422647
46,1,3408.65110678457,3798.15609277564,185.682808568421,389.504985991068
47,10,59,421.191843550641,421.191843550641,362.191843550641
47,20,119,785.879018152921,364.687174602281,666.879018152921
47,19,113,840.084823823377,54.2058056704556,727.084823823377
47,14,83,893.593197050019,53.5083732266422,810.593197050019
47,18,107,1443.98662264016,550.393425590141,1336.98662264016
47,6,35,1659.38106316707,215.394440526909,1624.38106316707
47,11,65,1766.50002395295,107.118960785878,1701.50002395295
47,17,1743.38106316707,2160.65940680324,394.159382850289,417.278343636168
47,7,1695.38106316707,2410.99654338787,250.337136584633,715.615480220801
47,15,2509.79070784855,2618.06357028214,207.067026894274,108.27286243359
47,4,2908.96489544704,3023.45761747191,405.394047189769,114.492722024873
47,13,77,3258.15411547634,234.696498004433,3181.15411547634
48,5,29,373.47348128238,373.47348128238,344.47348128238
48,14,83,541.643371747228,168.169890464849,458.643371747228
48,12,71,591.687136514847,50.0437647676182,520.687136514847
48,13,77,960.942468886844,369.255332371997,883.942468886844
48,10,1013.94246888684,1276.80337943337,315.860910546521,262.860910546521
48,6,1366.23242368511,1607.12784772583,330.324468292464,240.895424040716
48,15,1025.94246888684,1695.19436027879,88.0665125529608,669.251891391946
48,2,1875.50032543196,1990.20958914345,295.015228864663,114.70926371149
48,19,113,2209.96907503129,219.759485887834,2096.96907503129
48,4,23,2360.06627407152,150.097199040234,2337.06627407152
48,20,487.47348128238,2732.09350820742,372.027234135899,2244.62002692504
48,11,433.47348128238,2885.27179626578,153.178288058361,2451.7983149834
48,7,3214.15199537043,3373.67233045871,488.400534192929,159.52033508828
48,8,3220.15199537043,3436.38572887209,62.7133984133752,216.233733501655
48,16,3232.15199537043,3753.94643758743,317.560708715343,521.794442216999
49,7,41,323.516939363261,323.516939363261,282.516939363261
49,3,17,571.168260166759,247.651320803498,554.168260166759
49,6,359.516939363261,897.214874351696,326.046614184937,537.697934988435
49,13,77,1449.04702798819,551.832153636494,1372.04702798819
49,12,71,1524.58681427773,75.5397862895381,1453.58681427773
49,8,1714.8287603607,1994.59583288128,470.009018603547,279.767072520574
49,5,1708.8287603607,2200.90522922979,206.309396348516,492.07646886909
49,2,11,2379.34976631906,178.444537089269,2368.34976631906
49,9,2218.90522922979,2553.28952703426,173.9397607152,334.384297804469
49,10,2947.50030857199,3109.79327514753,556.503748113268,162.292966575539
50,1,5,298.10286242944,298.10286242944,293.10286242944
50,4,316.10286242944,664.731684876682,366.628822447243,348.628822447243
50,16,388.10286242944,880.375095038357,215.643410161674,492.272232608917
50,15,1053.65805509441,1252.85595336403,372.480858325678,199.197898269623
50,8,340.10286242944,1452.32593591236,199.469982548329,1112.22307348292
50,3,2001.56214360202,2188.09975809472,735.773822182358,186.5376144927
50,10,59,2463.1260085637,275.02625046898,2404.1260085637
50,6,35,2656.03306969441,192.907061130704,2621.03306969441
50,12,2692.03306969441,3120.16651784025,464.133448145847,428.133448145847
50,14,2704.03306969441,3305.95058439053,185.784066550276,601.917514696123
50,2,2662.03306969441,3432.64248868511,126.691904294583,770.609418990706
51,20,119,309.517747400614,309.517747400614,190.517747400614
51,2,321.517747400614,731.729154983718,422.211407583104,410.211407583104
51,14,797.729154983718,1147.33004730163,415.600892317913,349.600892317913
51,12,71,1499.46879633776,352.13874903613,1428.46879633776
51,3,17,1652.85709290343,153.38829656567,1635.85709290343
51,6,35,1761.73696392121,108.879871017783,1726.73696392121
51,11,779.729154983718,1998.32770856927,236.590744648056,1218.59855358555
51,19,827.729154983718,2078.66068295802,80.3329743887493,1250.9315279743
51,17,411.517747400614,2378.99991511588,300.339232157861,1967.48216771527
51,13,387.517747400614,2768.58153187207,389.581616756194,2381.06378447146
51,15,2816.58153187207,3107.63259684473,339.051064972653,291.051064972653
51,5,3125.63259684473,3464.38376571475,356.751168870021,338.751168870021
51,10,3500.38376571475,3554.67049228853,90.286726573785,54.286726573785
52,4,23,337.455852515042,337.455852515042,314.455852515042
52,10,59,505.288622800163,167.832770285121,446.288622800163
52,18,747.990248322471,1051.7508464769,546.462223676738,303.76059815443
52,2,1193.21465432321,1510.80688338884,459.05603691194,317.59222906563
52,20,119,1940.589512518,429.782629129164,1821.589512518
52,16,2327.13967572743,2609.67504839007,669.085535872061,282.53537266264
52,19,113,3107.62673842324,497.951690033178,2994.62673842324
52,12,403.455852515042,3384.54427617713,276.91753775389,2981.08842366209
52,9,3303.69387252773,3429.32009652155,44.77582034442,125.626223993824
52,1,343.455852515042,3522.56972645993,93.2496299383761,3179.11387394489
52,15,421.455852515042,3617.50864418784,94.9389177279063,3196.05279167279
52,7,373.455852515042,3687.33380764433,69.8251634564954,3313.87795512929
53,20,119,358.928388595618,358.928388595618,239.928388595618
53,16,674.060114911779,950.743023202499,591.814634606881,276.682908290721
53,15,1040.7430232025,1399.99304965482,449.250026452326,359.250026452326
53,7,1663.55453416164,1787.640216987,387.647167332176,124.085682825363
53,18,1711.55453416164,1950.37480074232,162.734583755323,238.820266580687
53,11,65,2224.06285373705,273.688052994723,2159.06285373705
53,13,77,2545.84856312788,321.785709390831,2468.84856312788
53,2,11,2791.07594446672,245.227381338846,2780.07594446672
53,14,83,2978.66330517499,187.587360708262,2895.66330517499
53,8,2827.07594446672,3372.62479787449,393.9614926995,545.548853407763
53,17,101,3575.62325399525,202.998456120764,3474.62325399525
53,4,23,3653.98677432392,78.3635203286653,3630.98677432392
53,12,71,3757.00756505353,103.020790729619,3686.00756505353
53,5,29,3783.50829748116,26.5007324276294,3754.50829748116
53,10,638.060114911779,3973.41731494673,189.909017465562,3335.35720003495
53,3,3384.62479787449,4201.82867837681,228.411363430082,817.203880502322
54,19,113,314.529054078848,314.529054078848,201.529054078848
54,14,398.529054078848,632.110015944042,317.580961865193,233.580961865193
54,17,416.529054078848,1111.96065189907,479.850635955025,695.431597820219
54,4,1129.96065189907,1405.3750386465,293.414386747434,275.414386747434
54,12,1712.61889627868,2024.7089086364,619.333869989898,312.090012357716
54,2,11,2485.29098147729,460.582072840894,2474.29098147729
54,11,65,2646.26581903406,160.974837556766,2581.26581903406
54,10,59,2672.01373233118,25.7479132971162,2613.01373233118
54,1,5,2777.96610823022,105.952375899047,2772.96610823022
54,13,77,2853.64340296604,75.6772947358199,2776.64340296604
54,18,107,2927.05186231576,73.4084593497114,2820.05186231576
54,20,3212.23408396836,3358.46961937864,431.417757062889,146.235535410284
54,7,3236.23408396836,3486.70168197753,128.232062598889,250.467598009173
54,9,2963.05186231576,3575.4229715385,88.7212895609714,612.371109222749
54,8,2957.05186231576,3649.04854875205,73.6255772135473,691.996686436296
54,15,3673.04854875205,3924.38974332935,275.341194577296,251.341194577296
55,1,5,371.31873009567,371.31873009567,366.31873009567
55,6,35,486.158697617785,114.839967522115,451.158697617785
55,17,836.981414810399,1090.56203074525,604.403333127463,253.580615934849
55,16,1162.56203074525,1374.38278897935,283.820758234104,211.820758234104
55,4,1108.56203074525,1440.01612464961,65.633335670258,331.454093904362
55,18,107,1534.33839158651,94.3222669369047,1427.33839158651
55,9,53,1732.58311367526,198.244722088742,1679.58311367526
55,5,29,1884.56357385374,151.980460178485,1855.56357385374
55,10,59,2275.08456903379,390.520995180044,2216.08456903379
55,13,77,2394.6452722742,119.560703240418,2317.6452722742
55,7,2417.6452722742,2585.68853869153,191.043266417328,168.043266417328
55,2,11,3241.26495128825,655.576412596723,3230.26495128825
56,14,83,396.03073727195,396.03073727195,313.03073727195
56,19,504.03073727195,610.269190734465,214.238453462515,106.238453462515
56,18,498.03073727195,964.514768687398,354.245577952933,466.484031415448
56,12,468.03073727195,1463.1050236152,498.5902549278,995.074286343249
56,4,420.03073727195,1519.27867963471,56.1736560195166,1099.24794236277
56,11,462.03073727195,1580.64063444159,61.3619548068796,1118.60989716964
56,2,1812.99043019774,1969.59573222703,388.955097785439,156.60530202929
56,13,77,2132.06591051731,162.470178290272,2055.06591051731
56,17,101,2344.83078504237,212.764874525061,2243.83078504237
56,20,119,2408.78046281321,63.9496777708418,2289.78046281321
56,16,1866.99043019774,2754.69825061368,345.917787800475,887.70782041594
56,15,89,3314.64255579584,559.94430518216,3225.64255579584
56,1,3972.20988720063,4095.23405665985,780.591500864007,123.02416945922
57,1,5,394.88577083924,394.88577083924,389.88577083924
57,11,696.114893620392,862.528690284199,467.64291944496,166.413796663808
57,12,702.114893620392,1041.90496501669,179.376274732488,339.790071396296
57,3,648.114893620392,1203.34575374254,161.440788725855,555.230860122151
57,2,1727.94214460589,1875.529743856,672.183990113453,147.587599250109
57,6,35,1979.67584401335,104.146100157353,1944.67584401335
57,4,23,2082.65744918684,102.981605173489,2059.65744918684
57,16,2309.86999288683,2547.88267324054,465.225224053698,238.012680353708
57,7,41,2954.72794247676,406.845269236224,2913.72794247676
57,18,107,3121.55711555394,166.82917307718,3014.55711555394
57,20,119,3217.16371478413,95.6065992301883,3098.16371478413
57,5,29,3250.12471291595,32.9609981318163,3221.12471291595
57,9,3262.12471291595,3501.19497855869,251.070265642742,239.070265642742
57,13,3274.12471291595,3677.01376705378,175.818788495092,402.889054137835
58,13,77,369.817165953542,369.817165953542,292.817165953542
58,1,5,1252.4890858698,882.671919916261,1247.4890858698
58,6,1103.9228852778,1427.63075310609,175.141667236292,323.707867828292
58,5,1097.9228852778,1646.94247061547,219.311717509377,549.019585337669
58,9,1682.94247061547,1830.52843590399,183.58596528852,147.58596528852
58,2,11,2182.37978903518,351.851353131186,2171.37978903518
58,14,83,2342.3657452718,159.985956236619,2259.3657452718
58,18,107,2549.6869040687,207.3211587969,2442.6869040687
58,11,2590.6869040687,3043.20320819889,493.516304130197,452.516304130197
58,10,3073.20320819889,3183.87513944306,140.67193124417,110.67193124417
58,4,3055.20320819889,3336.50025169795,152.625112254885,281.297043499055
58,12,3723.39348401952,3809.13898386251,472.638732164563,85.7454998429907
59,9,53,298.325382141574,298.325382141574,245.325382141574
59,6,638.481278507978,769.187044240914,470.86166209934,130.705765732936
59,15,89,1468.73730183353,699.550257592616,1379.73730183353
59,16,1540.73730183353,1712.12571836978,243.38841653625,171.38841653625
59,7,1504.73730183353,2014.72656581318,302.600847443395,509.989263979645
59,13,77,2504.65069249983,489.924126686651,2427.65069249983
59,19,2739.41965781505,2878.09005713565,373.439364635828,138.670399320606
59,4,2763.41965781505,3055.12284786971,177.032790734053,291.703190054659
59,8,346.325382141574,3139.40607958257,84.2832317128664,2793.080697441
59,10,352.325382141574,3360.25913247817,220.853052895593,3007.93375033659
59,17,101,3479.39688836234,119.137755884174,3378.39688836234
60,2,11,400.304124400682,400.304124400682,389.304124400682
60,10,59,614.677336986591,214.373212585909,555.677336986591
60,14,686.677336986591,1015.49255201066,400.815215024073,328.815215024073
60,4,632.677336986591,1181.26724015636,165.774688145701,548.589903169774
60,7,1309.9790006262,1568.18135171237,386.914111556005,258.202351086167
60,3,1861.660566092,2142.01258171452,573.831230002153,280.352015622524
60,16,2202.01258171452,2357.41653333593,215.40395162141,155.40395162141
60,19,113,2696.61731839503,339.200785059099,2583.61731839503
60,15,3289.33023018761,3377.59035094563,680.973032550597,88.2601207580192
60,13,77,3856.14440621042,478.554055264796,3779.14440621042
61,7,41,426.543818696418,426.543818696418,385.543818696418
61,4,450.543818696418,767.830157266343,341.286338569925,317.286338569925
61,14,83,875.3039579644,107.473800698056,792.3039579644
61,11,1108.27395024493,1354.72082499731,479.416867032914,246.446874752387
61,6,35,1500.13867869593,145.417853698621,1465.13867869593
61,20,119,1571.22868112232,71.0900024263899,1452.22868112232
61,3,17,1718.0178102538,146.789129131476,1701.0178102538
61,5,29,1766.70714038886,48.6893301350576,1737.70714038886
61,19,1643.22868112232,2054.50317668009,287.796036291229,411.274495557762
61,10,2268.0765876627,2484.94173366095,430.438556980859,216.865145998247
61,9,2262.0765876627,2642.92802791709,157.986294256144,380.85144025439
61,2,2852.32854420226,2977.81405334322,334.886025426128,125.485509140954
61,12,71,3138.99714217132,161.183088828103,3067.99714217132
61,18,107,3316.86005407593,177.862911904607,3209.86005407593
61,15,2286.0765876627,3622.56074752007,305.70069344414,1336.48415985737
61,8,1090.27395024493,4057.32601773542,434.765270215348,2967.05206749049
62,9,53,400.344451325766,400.344451325766,347.344451325766
62,6,436.344451325766,883.935719399715,483.591268073949,447.591268073949
62,14,83,976.575880534697,92.6401611349819,893.575880534697
62,2,988.575880534697,1290.76914548838,314.193264953687,302.193264953687
62,10,59,1550.00015032922,259.231004840838,1491.00015032922
62,12,466.344451325766,1853.83554594325,303.835395614028,1387.49109461748
62,17,496.344451325766,2051.40484002975,197.569294086505,1555.06038870399
62,16,2552.49049904484,2657.08984360875,605.685003578991,104.599344563909
62,19,2564.49049904484,2863.33271185787,206.242868249124,298.842212813033
62,18,107,2988.75359102446,125.42087916659,2881.75359102446
62,3,17,3026.54878717247,37.7951961480103,3009.54878717247
62,1,2498.49049904484,3132.62699085468,106.07820368221,634.136491809843
62,4,2881.33271185787,3384.39686690446,251.76987604978,503.06415504659
62,20,119,3562.55558246465,178.158715560187,3443.55558246465
62,5,29,3658.08098591952,95.5254034548761,3629.08098591952
62,15,3688.08098591952,3900.98224220986,242.901256290334,212.901256290334
63,3,17,409.295868196076,409.295868196076,392.295868196076
63,14,487.295868196076,620.205772291267,210.90990409519,132.90990409519
63,5,433.295868196076,776.139818321855,155.934046030589,342.843950125779
63,16,915.848524870108,1175.27099903939,399.13118071754,259.422474169287
63,18,107,1310.48623658579,135.215237546399,1203.48623658579
63,10,59,1817.25294493358,506.76670834779,1758.25294493358
63,7,41,2097.36959393307,280.11664899949,2056.36959393307
63,1,2103.36959393307,2431.16670729492,333.797113361841,327.797113361841
63,9,53,2573.08553829837,141.918831003455,2520.08553829837
63,17,505.295868196076,2889.00349765889,315.917959360515,2383.70762946281
63,4,23,3218.40448264549,329.400984986607,3195.40448264549
63,19,113,3334.10872516739,115.704242521899,3221.10872516739
63,2,3765.9083837276,4075.77416749075,741.665442323364,309.865783763158
64,4,23,297.091792864261,297.091792864261,274.091792864261
64,12,71,468.218943281311,171.12715041705,397.218943281311
64,6,35,497.842428083761,29.6234848024498,462.842428083761
64,7,333.091792864261,701.518995089904,203.676567006143,368.427202225644
64,5,765.767545035573,969.390738194019,267.871743104115,203.623193158447
64,3,1218.69742996949,1371.15679074406,401.76605255004,152.459360774572
64,20,1278.69742996949,1507.63141143573,136.474620691667,228.933981466239
64,19,1272.69742996949,1647.62733713774,139.99592570201,374.929907168249
64,13,77,1795.11771038577,147.490373248029,1718.11771038577
64,17,2399.07607110765,2670.53421865503,875.416508269266,271.458147547386
64,14,2387.07607110765,2840.44198992072,169.907771265689,453.365918813074
64,8,2688.53421865503,3071.98115953481,231.539169614091,383.44694087978
64,16,387.091792864261,3569.86824589955,497.887086364742,3182.77645303529
64,9,345.091792864261,3623.58870784286,53.7204619433096,3278.4969149786
65,4,23,299.996388385086,299.996388385086,276.996388385086
65,7,41,611.059799674804,311.063411289718,570.059799674804
65,11,65,736.341824870007,125.282025195204,671.341824870007
65,15,808.341824870007,1001.56534352714,265.223518657133,193.223518657133
65,2,11,1306.64157271632,305.076229189181,1295.64157271632
65,14,802.341824870007,1364.92806602612,58.2864933097992,562.586241156114
65,5,29,1556.48092628498,191.552860258858,1527.48092628498
65,8,1606.15030942902,1887.06728236801,330.586356083027,280.916972938989
65,12,1624.15030942902,2088.54345508415,201.476172716143,464.393145655132
65,3,2226.35610551388,2405.70634899568,317.16289391153,179.350243481796
65,10,59,2500.00609158656,94.2997425908779,2441.00609158656
65,13,2762.73481859689,2893.2666399525,393.260548365945,130.531821355609
65,6,329.996388385086,3443.77268814829,550.506048195785,3113.7762997632
65,17,395.996388385086,3545.60674398567,101.834055837384,3149.61035560058
65,19,407.996388385086,3561.72901667995,16.1222726942783,3153.73262829486
65,18,826.341824870007,3831.84994647768,270.120929797735,3005.50812160768
66,1,5,304.8943662118,304.8943662118,299.8943662118
66,14,669.698125512835,950.470924827114,645.576558615315,280.772799314279
66,18,107,1301.66451097293,351.193586145813,1194.66451097293
66,5,29,1367.29277515433,65.6282641814034,1338.29277515433
66,7,41,1448.78433351484,81.4915583605141,1407.78433351484
66,6,1098.94222301901,1543.38360379867,94.5992702838248,444.441380779664
66,3,17,2009.32330148977,465.939697691101,1992.32330148977
66,19,2320.14188768153,2634.62860708123,625.305305591463,314.486719399698
66,17,2314.14188768153,2814.05140883146,179.422801750223,499.909521149921
66,15,89,2853.84379063704,39.792381805586,2764.84379063704
66,11,65,3346.36985047985,492.526059842809,3281.36985047985
67,15,89,312.402628006964,312.402628006964,223.402628006964
67,11,378.402628006964,594.296440910381,281.893812903417,215.893812903417
67,6,348.402628006964,766.451383250318,172.154942339938,418.048755243355
67,13,77,1159.40642983487,392.955046584553,1082.40642983487
67,20,1463.51240482075,1604.73108089182,445.324651056947,141.218676071063
67,1,1391.51240482075,1700.59043482906,95.859353937245,309.078030008308
67,12,71,2026.30092165396,325.710486824894,1955.30092165396
67,14,83,2070.40263430472,44.1017126507656,1987.40263430472
67,2,11,2200.96172981326,130.559095508542,2189.96172981326
67,10,59,2279.23803237992,78.2763025666591,2220.23803237992
67,19,1922.89812332473,2520.79646386837,241.558431488448,597.898340543638
67,5,1874.89812332473,2656.23098796994,135.434524101566,781.332864645204
67,3,17,2929.05665013885,272.825662168917,2912.05665013885
67,7,41,3055.63195961154,126.575309472682,3014.63195961154
67,16,402.402628006964,3723.25602434687,667.62406473533,3320.8533963399
68,11,65,297.504528570109,297.504528570109,232.504528570109
68,20,119,542.741644522331,245.237115952222,423.741644522331
68,8,345.504528570109,675.840462282822,133.098817760491,330.335933712713
68,12,363.504528570109,977.662074991861,301.821612709039,614.157546421752
68,6,35,1451.85707644367,474.195001451807,1416.85707644367
68,19,113,1512.94779557538,61.0907191317092,1399.94779557538
68,9,1754.01724718917,1981.92379935047,468.976003775093,227.906552161304
68,2,1724.01724718917,2125.90616914651,143.982369796044,401.888921957348
68,15,2408.07499172267,2600.05440029121,474.148231144693,191.979408568535
68,16,95,3027.77669973875,427.722299447544,2932.77669973875
68,5,2796.00235393947,3260.47904448776,232.702344749005,464.476690548285
69,12,71,298.378621754848,298.378621754848,227.378621754848
69,10,59,500.235824486565,201.857202731718,441.235824486565
69,6,35,845.670047276379,345.434222789814,810.670047276379
69,3,316.378621754848,891.04458361036,45.3745363339808,574.665961855512
69,11,65,1065.16584792021,174.121264309855,1000.16584792021
69,16,95,1107.26596310183,42.1001151816135,1012.26596310183
69,5,915.04458361036,1192.88545805367,85.6194949518413,277.84087444331
69,9,933.04458361036,1400.07008607595,207.184628022284,467.025502465594
69,14,83,1519.78310977821,119.713023702255,1436.78310977821
69,18,1573.78310977821,1758.62972566509,238.846615886884,184.846615886884
69,8,1549.78310977821,1881.63984448162,123.010118816532,331.856734703416
69,2,2371.55435458772,2477.64666714471,596.006822663081,106.092312556982
70,13,77,417.140907522723,417.140907522723,340.140907522723
70,15,501.140907522723,840.861589965145,423.720682442423,339.720682442423
70,16,95,962.34311969016,121.481529725015,867.34311969016
70,2,429.140907522723,1034.86790091175,72.5247812215924,605.72699338903
70,18,712.795030040274,1218.21665380747,183.348752895722,505.421623767201
70,9,53,1598.4498879943,380.233234186829,1545.4498879943
70,8,47,1709.28977183273,110.839883838423,1662.28977183273
70,12,1449.30766450291,1910.79412125672,201.504349423994,461.486456753812
70,11,1958.79412125672,2159.37398394739,248.579862690665,200.579862690665
70,7,1946.79412125672,2304.40286175944,145.028877812057,357.608740502722
70,10,2491.14680946365,2601.16839021193,296.765528452483,110.021580748274
70,6,35,3375.77577142842,774.607381216492,3340.77577142842
70,20,119,3428.57046467849,52.794693250069,3309.57046467849
70,17,101,3560.68438198866,132.113917310174,3459.68438198866
70,19,2925.39958916682,3803.7182289787,243.033846990043,878.318639811884
70,14,1455.30766450291,4330.73191171226,527.013682733555,2875.42424720935
71,11,65,318.914554898021,318.914554898021,253.914554898021
71,2,955.362560679814,1203.65011436993,884.735559471912,248.28755369012
71,5,1410.94520146513,1640.30816793292,436.65805356299,229.362966467791
71,19,113,2261.3151431841,621.006975251174,2148.3151431841
71,16,95,2355.98297769994,94.6678345158416,2260.98297769994
71,17,101,2428.33774795496,72.3547702550209,2327.33774795496
71,10,59,2470.42407910368,42.0863311487228,2411.42407910368
71,7,41,2576.60359237745,106.179513273764,2535.60359237745
71,6,2774.03543165248,2966.68973431627,390.086141938823,192.654302663787
71,8,47,3186.30982992219,219.620095605917,3139.30982992219
71,14,2804.03543165248,3327.74259807969,141.432768157503,523.707166427207
71,4,2768.03543165248,3432.3034936401,104.56089556041,664.268061987617
71,15,89,3731.1141824388,298.810688798705,3642.1141824388
71,9,53,3864.22921759766,133.115035158859,3811.22921759766
71,18,107,3953.56778542071,89.3385678230475,3846.56778542071
72,1,5,416.063966950471,416.063966950471,411.063966950471
72,17,101,586.603960208683,170.539993258213,485.603960208683
72,14,83,805.981640301439,219.377680092756,722.981640301439
72,20,119,1027.01511641637,221.03347611493,908.015116416369
72,12,924.471538765362,1255.3798844478,228.364768031432,330.908345682439
72,7,1455.04926347362,1573.18311456113,317.803230113325,118.133851087509
72,16,95,1782.79733122314,209.614216662013,1687.79733122314
72,5,1972.97795671579,2203.0223918264,420.225060603257,230.044435110604
72,19,2468.33933416429,2709.42898753299,506.406595706594,241.089653368702
72,2,11,2822.37558655413,112.946599021139,2811.37558655413
72,8,628.603960208683,3520.58045411543,698.204867561304,2891.97649390675
72,10,59,3997.12207082315,476.541616707715,3938.12207082315
73,2,11,401.400221573802,401.400221573802,390.400221573802
73,8,47,631.278558023675,229.878336449873,584.278558023675
73,19,733.278558023675,1079.36622205632,448.087664032647,346.087664032647
73,3,643.278558023675,1134.48294187837,55.1167198220517,491.204383854699
73,12,1319.2102195776,1569.05350573132,434.57056385295,249.843286153725
73,14,83,1863.56877475829,294.515269026965,1780.56877475829
73,6,35,2497.60097471275,634.032199954462,2462.60097471275
73,17,101,2620.19441426018,122.593439547426,2519.19441426018
73,10,2879.38538323579,2989.84931898655,369.654904726372,110.463935750754
73,1,2849.38538323579,3112.01444943416,122.165130447609,262.629066198363
73,13,77,3208.8535215867,96.8390721525448,3131.8535215867
74,17,101,382.213115350189,382.213115350189,281.213115350189
74,15,89,579.764393862039,197.551278511849,490.764393862039
74,7,41,778.841102597608,199.076708735569,737.841102597608
74,4,23,847.943266149533,69.1021635519253,824.943266149533
74,5,871.943266149533,1095.06655863431,247.123292484774,223.123292484774
74,20,119,1340.76540986283,245.69885122852,1221.76540986283
74,18,107,1844.67301038288,503.907600520055,1737.67301038288
74,9,2103.22482039379,2217.10861712483,372.435606741947,113.883796731035
74,16,2139.22482039379,2316.37445386359,99.2658367387621,177.149633469797
74,6,2091.22482039379,2393.67259239388,77.2981385302901,302.447772000087
74,19,3012.80901071416,3202.81909903795,809.146506644065,190.010088323791
74,10,639.764393862039,3249.15858284174,46.3394838037884,2609.3941889797
74,3,3551.33724126412,3638.1558793833,388.997296541567,86.818638119184
75,1,5,310.574458756835,310.574458756835,305.574458756835
75,2,316.574458756835,948.484674742162,637.910215985326,631.910215985326
75,20,424.574458756835,1253.13131695815,304.646642215991,828.556858201317
75,11,1114.81867270997,1436.33318968053,183.201872722376,321.514516970554
75,18,107,1841.32272922459,404.989539544064,1734.32272922459
75,14,83,1925.52324396003,84.2005147354348,1842.52324396003
75,15,89,2086.84673753691,161.323493576885,1997.84673753691
75,3,17,2298.05387590077,211.207138363857,2281.05387590077
75,9,53,2547.24297843547,249.1891025347,2494.24297843547
75,13,2346.05387590077,2761.01244957958,213.769471144115,414.958573678814
76,8,47,394.799255772761,394.799255772761,347.799255772761
76,3,17,583.774755415899,188.975499643138,566.774755415899
76,17,101,1261.47903053758,677.704275121677,1160.47903053758
76,14,83,1461.47908279631,200.000052258731,1378.47908279631
76,7,1491.47908279631,1734.72825587154,273.249173075229,243.249173075229
76,13,1515.47908279631,1752.55771576998,17.8294598984403,237.078632973669
76,11,65,1862.42926577229,109.871550002315,1797.42926577229
76,20,2170.57030624733,2273.25710071308,410.827834940792,102.686794465757
76,6,2140.57030624733,2466.25290100546,192.995800292374,325.682594758131
76,2,11,3209.21483608944,742.961935083983,3198.21483608944
76,18,107,3259.87822488932,50.6633887998792,3152.87822488932
76,12,71,3435.33493092376,175.45670603444,3364.33493092376
77,20,119,408.265642784881,408.265642784881,289.265642784881
77,5,438.265642784881,762.333590819369,354.067948034488,324.067948034488
77,9,53,1264.05311355325,501.719522733882,1211.05311355325
77,12,71,1306.70821273092,42.6550991776703,1235.70821273092
77,18,1120.00896848912,1579.68402333041,272.975810599488,459.675054841289
77,17,101,1936.83632524162,357.152301911206,1835.83632524162
77,2,1948.83632524162,2083.35055061423,146.514225372615,134.514225372615
77,10,59,2518.31094690211,434.960396287881,2459.31094690211
77,6,35,2711.72377210168,193.412825199569,2676.72377210168
77,3,17,3062.35967055684,350.635898455158,3045.35967055684
77,19,113,3115.77193169587,53.4122611390285,3002.77193169587
77,8,456.265642784881,3175.44954273292,59.6776110370561,2719.18389994804
77,14,83,3425.46558782124,250.01604508832,3342.46558782124
77,7,41,3493.31272285668,67.8471350354362,3452.31272285668
77,15,89,3625.94756018913,132.634837332451,3536.94756018913
78,12,71,362.769777204531,362.769777204531,291.769777204531
78,11,428.769777204531,720.707771889449,357.937994684918,291.937994684918
78,6,35,913.930669023513,193.222897134064,878.930669023513
78,17,101,1001.21231167591,87.2816426523949,900.212311675907
78,16,95,1396.61375830479,395.401446628881,1301.61375830479
78,3,17,1485.66312092552,89.0493626207301,1468.66312092552
78,20,119,1865.24248932815,379.579368402631,1746.24248932815
78,13,1913.24248932815,2627.97525184975,762.732762521601,714.732762521601
78,8,1895.24248932815,2798.72093121982,170.745679370069,903.47844189167
78,15,1925.24248932815,3119.71348555978,320.992554339964,1194.47099623163
78,5,29,3417.27158854892,297.558102989138,3388.27158854892
78,7,41,3489.29721957887,72.0256310299455,3448.29721957887
78,9,3215.87689668673,3622.81464835598,133.51742877711,406.937751669248
78,14,3652.81464835598,3949.14360073211,326.328952376135,296.328952376135
79,6,35,392.485692104537,392.485692104537,357.485692104537
79,11,65,533.018340250993,140.532648146456,468.018340250993
79,15,611.018340250993,774.872627030578,241.854286779585,163.854286779585
79,5,563.018340250993,840.21241678351,65.3397897529316,277.194076532517
79,19,635.018340250993,1041.65093910643,201.438522322917,406.632598855433
79,8,575.018340250993,1122.27304724724,80.6221081408082,547.254706996242
79,17,623.018340250993,1168.03227645876,45.7592292115296,545.013936207771
79,13,599.018340250993,1296.71537440939,128.683097950621,697.697034158392
79,14,605.018340250993,1354.53379922979,57.8184248204093,749.515458978801
79,3,1512.84953457925,1829.0696435771,474.535844347309,316.220108997851
79,9,1847.0696435771,2043.31321259483,214.243569017725,196.243569017725
79,20,119,2376.46575598304,333.152543388212,2257.46575598304
79,10,2813.62857397229,2930.97957478321,554.513818800169,117.351000810917
79,18,2825.62857397229,3101.45034467227,170.470769889059,275.821770699976
79,4,23,3406.58373881057,305.133394138305,3383.58373881057
79,1,5,3506.43603468628,99.8522958757021,3501.43603468628
80,1,5,415.299803909808,415.299803909808,410.299803909808
80,5,439.299803909808,790.336055399498,375.036251489689,351.036251489689
80,13,77,887.510661605399,97.1746062059013,810.510661605399
80,4,23,952.611893448341,65.1012318429415,929.611893448341
80,17,101,995.639575517916,43.0276820695755,894.639575517916
80,3,17,1423.3729356178,427.733360099882,1406.3729356178
80,11,1670.64423303284,1984.04701883113,560.674083213332,313.40278579829
80,12,2026.04701883113,2307.59945319513,323.552434363997,281.552434363997
80,20,119,2399.95487200577,92.3554188106405,2280.95487200577
80,19,2769.85825923249,3071.73130652952,671.776434523753,301.873047297035
81,12,71,334.410085611058,334.410085611058,263.410085611058
81,11,400.410085611058,590.429052124313,256.018966513256,190.018966513256
81,8,382.410085611058,821.569986486361,231.140934362048,439.159900875304
81,4,1059.2567780995,1192.46725808743,370.897271601067,133.21047998793
81,20,119,1295.59213367231,103.124875584879,1176.59213367231
81,2,11,1526.52037173564,230.928238063329,1515.52037173564
81,16,1580.52037173564,1989.68867020881,463.168298473179,409.168298473179
81,6,2131.00732731864,2242.4003663799,252.711696171087,111.393039061262
81,10,59,2453.03348851719,210.633122137292,2394.03348851719
81,13,77,2558.68173610184,105.648247584642,2481.68173610184
81,17,101,2678.72761262686,120.045876525025,2577.72761262686
81,5,29,2751.52441494796,72.7968023210979,2722.52441494796
81,19,2726.72761262686,2908.6779187321,157.153503784141,181.950306105239
81,3,2690.72761262686,3046.27643255002,137.598513817919,355.548819923158
82,9,53,332.380712743605,332.380712743605,279.380712743605
82,6,35,475.4796587018,143.098945958195,440.4796587018
82,13,404.380712743605,668.903062642874,193.423403941075,264.522349899269
82,8,380.380712743605,970.835758452466,301.932695809592,590.455045708861
82,17,428.380712743605,1119.61344626757,148.7776878151,691.232733523961
82,16,95,1562.18567909614,442.572232828574,1467.18567909614
82,2,1574.18567909614,2021.44056574107,459.254886644929,447.254886644929
82,11,1857.85171715115,2122.566837609,101.12627186793,264.715120457845
82,5,2274.72198457938,2430.45541072152,307.888573112516,155.733426142139
82,3,17,2859.39242277956,428.937012058048,2842.39242277956
82,4,23,2988.88085448296,129.488431703396,2965.88085448296
82,1,2865.39242277956,3102.36638360092,113.485529117959,236.973960821355
82,10,2877.39242277956,3284.47296688117,182.106583280255,407.08054410161
82,15,89,3381.67102674655,97.1980598653745,3292.67102674655
82,20,3639.44282448937,3751.23833562911,369.567308882561,111.795511139739
83,6,35,320.770187879335,320.770187879335,285.770187879335
83,11,65,512.995650415877,192.225462536541,447.995650415877
83,15,404.770187879335,698.87277936727,185.877128951393,294.102591487935
83,13,77,1161.51165135893,462.638871991656,1084.51165135893
83,7,1196.51165135893,1462.20324485449,300.691593495559,265.691593495559
83,14,1226.51165135893,1589.3353119348,127.132067080316,362.823660575875
83,12,1393.99132812,1731.92293525599,142.587623321186,337.931607135991
83,9,53,2149.0978493861,417.174914130116,2096.0978493861
83,1,2657.67642531522,2807.82183388923,658.723984503124,150.145408574004
83,16,2693.67642531522,3036.42207171844,228.600237829217,342.745646403221
83,10,2687.67642531522,3413.44936817155,377.027296453106,725.772942856328
83,20,119,3580.25898514247,166.809616970922,3461.25898514247
83,5,29,3639.54052898131,59.2815438388334,3610.54052898131
83,8,47,3772.31408172601,132.773552744707,3725.31408172601
84,3,17,406.722417989838,406.722417989838,389.722417989838
84,1,5,654.041507149673,247.319089159835,649.041507149673
84,10,702.041507149673,910.992758820155,256.951251670482,208.951251670482
84,2,660.041507149673,1227.68227148173,316.689512661576,567.640764332058
84,6,1030.34537633546,1471.55879270615,243.876521224415,441.213416370682
84,12,71,1633.64343335604,162.084640649894,1562.64343335604
84,11,65,1770.71905647421,137.075623118174,1705.71905647421
84,18,107,2636.67881420866,865.959757734441,2529.67881420866
84,16,95,3106.90740200096,470.228587792308,3011.90740200096
84,13,1507.55879270615,3495.71178531948,388.804383318517,1988.15299261333
84,19,1543.55879270615,3562.88484969367,67.1730643741853,2019.32605698752
84,9,1501.55879270615,3615.43718752289,52.5523378292255,2113.87839481675
85,10,59,296.926132326944,296.926132326944,237.926132326944
85,12,362.926132326944,687.785048731786,390.858916404842,324.858916404842
85,15,89,854.809139436773,167.024090704987,765.809139436773
85,7,729.785048731786,1275.06110405644,420.25196461967,545.276055324657
85,18,1359.06110405644,1432.72906256421,157.667958507769,73.6679585077686
85,5,1305.06110405644,1747.58523654684,314.856173982626,442.524132490395
85,3,17,1901.33459984669,153.749363299856,1884.33459984669
85,2,11,2397.61486822829,496.280268381593,2386.61486822829
85,4,2567.71398406568,2705.5547809264,307.939912698113,137.840796860723
85,1,5,2782.46523488326,76.9104539568602,2777.46523488326
86,3,17,302.236546174464,302.236546174464,285.236546174464
86,11,65,503.581929302282,201.345383127818,438.581929302282
86,13,374.236546174464,698.607123677469,195.025194375187,324.370577503005
86,14,83,968.000448156056,269.393324478587,885.000448156056
86,15,89,1253.76025948464,285.759811328586,1164.76025948464
86,12,1301.76025948464,1497.97046317946,244.210203694815,196.210203694815
86,1,1259.76025948464,1723.99937142413,226.028908244672,464.239111939487
86,4,1958.43949095779,2173.44619770667,449.446826282543,215.006706748879
86,16,1982.43949095779,2296.67345353024,123.227255823571,314.23396257245
86,6,35,2443.7281019822,147.054648451958,2408.7281019822
86,2,11,2484.43674112078,40.7086391385742,2473.43674112078
86,7,41,2724.081533437,239.644792316225,2683.081533437
86,18,107,3154.5079466553,430.426413218297,3047.5079466553
86,9,2730.081533437,3295.71590448523,141.207957829932,565.634371048229
86,5,29,3529.64420761894,233.928303133715,3500.64420761894
86,8,47,3613.11503983247,83.4708322135257,3566.11503983247
87,6,35,297.765547007877,297.765547007877,262.765547007877
87,7,41,502.598841163863,204.833294155986,461.598841163863
87,10,351.765547007877,658.879163558976,156.280322395113,307.113616551099
87,13,718.879163558976,858.402351135948,199.523187576972,139.523187576972
87,9,345.765547007877,1068.81140030542,210.409049169476,723.045853297547
87,14,1372.09194705793,1578.15136860573,509.339968300311,206.059421547804
87,16,1378.09194705793,1646.29844959152,68.1470809857824,268.206502533586
87,15,89,1795.62191165332,149.323462061799,1706.62191165332
87,17,2136.73263778552,2317.13282871307,521.51091705975,180.400190927542
87,1,2323.13282871307,2696.37063097616,379.237802263088,373.237802263088
87,3,2569.93424913387,2892.34666709173,195.976036115579,322.412417957868
88,4,23,348.675663512681,348.675663512681,325.675663512681
88,3,17,601.133911171262,252.458247658581,584.133911171262
88,6,35,1023.68738082706,422.553469655801,988.687380827063
88,9,53,1167.26263407647,143.575253249403,1114.26263407647
88,13,1208.26263407647,1460.9241451113,293.661511034837,252.661511034837
88,20,1244.26263407647,1636.76503960795,175.840894496648,392.502405531485
88,10,1190.26263407647,1788.81687498531,152.051835377354,598.554240908839
88,17,1983.20249499341,2085.8493408084,297.032465823092,102.646845814991
88,1,2389.06091156845,2565.83624621992,479.98690541152,176.775334651465
88,19,2437.06091156845,2864.183568424,298.34732220408,427.122656855545
88,14,2413.06091156845,2978.19404575159,114.010477327588,565.133134183133
88,18,3218.47376971615,3299.55124841672,321.357202665131,81.0774787005676
88,2,11,3454.63560120758,155.084352790867,3443.63560120758
88,8,47,3530.30123071343,75.6656295058483,3483.30123071343
88,7,41,3689.47766401183,159.1764332984,3648.47766401183
89,10,59,431.325250303622,431.325250303622,372.325250303622
89,15,515.325250303622,651.334655903721,220.009405600099,136.009405600099
89,13,1230.28373766014,1375.51351883981,724.178862936087,145.22978117967
89,14,83,1586.20601491094,210.692496071131,1503.20601491094
89,7,1863.69094369742,2118.99579941644,532.789784505506,255.304855719022
89,19,2735.85014330974,2836.83333915394,717.837539737494,100.983195844197
89,4,23,2931.55383304405,94.7204938901082,2908.55383304405
89,2,11,3011.41870580029,79.864872756244,3000.41870580029
89,12,2711.85014330974,3194.32140476707,182.902698966777,482.471261457327
89,11,3236.32140476707,3370.55926625079,176.237861483724,134.237861483724
90,12,71,347.149758306313,347.149758306313,276.149758306313
90,14,83,556.880208084477,209.730449778164,473.880208084477
90,8,395.149758306313,727.435989879147,170.55578179467,332.286231572834
90,7,1223.03296864211,1333.19882338234,605.762833503196,110.165854740235
90,13,1247.03296864211,1409.28151199528,76.0826886129421,162.248543353177
90,6,35,1549.78789758068,140.506385585393,1514.78789758068
90,2,11,1630.64419986647,80.8563022857927,1619.64419986647
90,18,1265.03296864211,1758.88725012589,128.243050259421,493.854281483784
90,20,119,1827.81703683303,68.9297867071409,1708.81703683303
90,1,2727.76154181863,3046.83268978929,1219.01565295626,319.071147970656
90,17,443.149758306313,3119.94942736688,73.1167375775881,2676.79966906057
90,16,95,3226.79780898918,106.848381622306,3131.79780898918
91,15,89,316.006564053081,316.006564053081,227.006564053081
91,20,430.006564053081,556.917024664159,240.910460611079,126.910460611079
91,19,424.006564053081,610.88189337833,53.9648687141706,186.875329325249
91,14,83,701.513349581061,90.6314562027308,618.513349581061
91,3,334.006564053081,910.161188703528,208.647839122467,576.154624650448
91,8,47,1002.48865719218,92.3274684886484,955.488657192176
91,11,1197.65854095539,1318.80562175346,316.316964561284,121.147080798067
91,9,53,1579.43556744814,260.629945694681,1526.43556744814
91,7,41,1651.0159763007,71.5804088525595,1610.0159763007
91,13,394.006564053081,1968.68188871869,317.665912417993,1574.67532466561
91,2,2077.83553933403,2431.06450913198,462.382620413287,353.228969797951
91,6,2940.86070584901,3032.25214447684,601.187635344862,91.3914386278375
91,16,95,3257.69524771366,225.443103236821,3162.69524771366
91,5,29,3291.22132961185,33.5260818981842,3262.22132961185
91,18,107,3343.53873205589,52.3174024440445,3236.53873205589
92,12,71,366.679288400122,366.679288400122,295.679288400122
92,8,414.679288400122,661.872638175923,295.193349775801,247.193349775801
92,1,5,1019.8264408904,357.953802714477,1014.8264408904
92,4,23,1090.03669842276,70.2102575323551,1067.03669842276
92,9,1131.03669842276,1567.59801107205,477.561312649295,436.561312649295
92,13,2137.18251620766,2330.17676807009,762.578756998036,192.994251862423
92,20,119,2684.20457870298,354.027810632894,2565.20457870298
92,17,2750.20457870298,2884.34743903691,200.142860333935,134.142860333935
92,18,468.679288400122,3419.96520855683,535.617769519912,2951.2859201567
92,2,378.679288400122,3440.7330410087,20.7678324518747,3062.05375260858
93,12,71,432.041499084529,432.041499084529,361.041499084529
93,16,95,590.729885475691,158.688386391162,495.729885475691
93,3,17,733.07180213294,142.341916657249,716.07180213294
93,9,53,767.37408614615,34.3022840132102,714.37408614615
93,5,620.729885475691,923.151427237342,155.777341091192,302.421541761651
93,1,596.729885475691,1192.80382837481,269.652401137469,596.07394289912
93,10,1435.05827294379,1648.75134249829,455.947514123477,213.693069554501
93,6,1841.06671964304,2143.36047421158,494.609131713293,302.293754568543
93,15,2412.3009435946,2595.00307611201,451.642601900427,182.702132517411
93,18,2424.3009435946,2720.50788969355,125.504813581539,296.206946098951
93,7,2911.33726171051,3239.73697735275,519.229087659206,328.399715642237
93,11,2923.33726171051,3566.42964897618,326.692671623424,643.092387265662
93,20,119,3996.54049115472,430.110842178546,3877.54049115472
93,14,83,4115.16597956207,118.625488407348,4032.16597956207
94,15,89,402.747980048348,402.747980048348,313.747980048348
94,4,23,897.497723788495,494.749743740147,874.497723788495
94,10,59,966.899627051804,69.4019032633095,907.899627051804
94,18,107,1346.33929222197,379.439665170168,1239.33929222197
94,7,41,1454.36276958244,108.023477360467,1413.36276958244
94,16,95,1645.29098750074,190.928217918297,1550.29098750074
94,2,1879.28502367614,2132.33913050814,487.048143007404,253.054106831999
94,13,2777.31814975174,2856.8409432504,724.501812742262,79.5227934986624
94,12,2771.31814975174,3133.33084756803,276.489904317629,362.012697816291
94,19,3461.27458196349,3533.07117497783,399.740327409797,71.7965930143373
94,20,3467.27458196349,3790.62464650913,257.553471531303,323.35006454564
94,11,1025.8996270518,4109.01748998958,318.392843480446,3083.11786293777
95,3,17,369.983250556706,369.983250556706,352.983250556706
95,11,429.983250556706,624.72434862356,254.741098066854,194.741098066854
95,10,423.983250556706,893.891817141353,269.167468517793,469.908566584647
95,14,447.983250556706,957.338959893776,63.4471427524235,509.35570933707
95,19,1177.39098943777,1346.00303076051,388.66407086673,168.61204132274
95,9,53,1417.72252715625,71.7194963957459,1364.72252715625
95,8,47,1467.70024728231,49.9777201260613,1420.70024728231
95,13,77,1542.78029209166,75.0800448093466,1465.78029209166
95,17,1834.06150097219,2140.24294953482,597.462657443155,306.181448562627
95,16,2450.34505712463,2602.62972576024,462.386776225426,152.284668635607
95,5,29,2703.98555372515,101.355827964912,2674.98555372515
95,20,119,2941.18687893523,237.201325210078,2822.18687893523
95,7,41,3275.37185023357,334.184971298334,3234.37185023357
95,6,35,3397.22164823474,121.849798001173,3362.22164823474
95,2,11,3542.19223243542,144.970584200678,3531.19223243542
95,12,3560.19223243542,3723.02985940512,180.837626969698,162.837626969698
96,18,107,310.770906551169,310.770906551169,203.770906551169
96,16,406.770906551169,567.263880080795,256.492973529626,160.492973529626
96,8,358.770906551169,802.735045364179,235.471165283383,443.96413881301
96,13,77,903.003699792687,100.268654428509,826.003699792687
96,15,89,1029.45765035932,126.453950566637,940.457650359325
96,5,1059.45765035932,1367.70084526515,338.243194905825,308.243194905825
96,6,1603.80024235238,1860.59139864993,492.890553384777,256.791156297548
96,20,1645.80024235238,1963.38420772642,102.792809076493,317.583965374041
96,4,2507.04199563727,2850.80059315337,887.416385426954,343.758597516102
96,9,364.770906551169,3346.59486211255,495.794268959175,2981.82395556138
97,20,119,322.149759832998,322.149759832998,203.149759832998
97,12,71,766.697018157245,444.547258324247,695.697018157245
97,14,649.704018933002,938.170098797666,171.473080640421,288.466079864664
97,17,424.149759832998,1029.26536806866,91.0952692709916,605.115608235659
97,5,29,1097.3723608351,68.106992766441,1068.3723608351
97,9,1145.3723608351,1309.32303237955,211.950671544447,163.950671544447
97,3,17,1919.80782393586,610.484791556314,1902.80782393586
97,15,1793.61178573146,2195.80503663618,275.997212700318,402.193250904717
97,11,65,2382.49036917153,186.68533253535,2317.49036917153
97,6,35,2618.83870471793,236.348335546406,2583.83870471793
97,18,2866.21464213737,3185.63098783928,566.792283121345,319.416345701905
97,4,23,3391.52541949003,205.894431650748,3368.52541949003
97,10,59,3483.98735144607,92.4619319560402,3424.98735144607
97,8,3507.98735144607,3687.65707496584,203.669723519768,179.669723519768
97,7,3767.67867136406,3912.80939521667,225.152320250833,145.130723852608
97,16,3519.98735144607,4121.78422578276,208.974830566092,601.796874336693
98,8,47,413.3535522197,413.3535522197,366.3535522197
98,20,527.3535522197,685.090143685814,271.736591466114,157.736591466114
98,15,846.219428829193,1039.80064112939,354.710497443574,193.581212300195
98,3,780.219428829193,1154.3766133633,114.575972233912,374.157184534107
98,7,1323.24556642999,1435.92185234306,281.545238979758,112.676285913066
98,1,1293.24556642999,1759.09604036625,323.174188023188,465.850473936254
98,17,101,2198.41767043113,439.321630064881,2097.41767043113
98,19,113,2350.61784388692,152.200173455794,2237.61784388692
98,12,479.3535522197,2459.52692708616,108.909083199243,1980.17337486646
98,18,515.3535522197,2585.8754558575,126.348528771333,2070.5219036378
98,11,473.3535522197,2697.22939462943,111.353938771936,2223.87584240973
98,4,437.3535522197,2849.94240384157,152.713009212133,2412.58885162187
98,9,2873.94240384157,3169.10182367523,319.159419833662,295.159419833662
98,14,3205.10182367523,3346.89126864054,177.789444965316,141.789444965316
98,6,3187.10182367523,3578.1744293796,231.28316073906,391.072605704377
98,2,3584.1744293796,3780.58477791999,202.410348540384,196.410348540384
99,2,11,368.625560460523,368.625560460523,357.625560460523
99,18,470.625560460523,649.735109666421,281.109549205898,179.109549205898
99,15,452.625560460523,777.170690326004,127.435580659583,324.545129865481
99,14,446.625560460523,911.711708137095,134.541017811091,465.086147676572
99,20,119,1170.60788141755,258.89617328046,1051.60788141755
99,16,95,1318.54760889262,147.939727475062,1223.54760889262
99,8,47,1752.49251433554,433.944905442924,1705.49251433554
99,3,17,1793.95200747783,41.4594931422901,1776.95200747783
99,10,59,1869.41673628633,75.4647288084991,1810.41673628633
99,4,2862.42801791329,2994.0586937427,1124.64195745637,131.630675829411
100,10,59,427.079617707176,427.079617707176,368.079617707176
100,8,654.867214914252,1014.99768136046,587.918063653288,360.130466446213
100,20,1110.99768136046,1366.97107081512,351.973389454659,255.973389454659
100,13,77,1478.89871190859,111.927641093468,1401.89871190859
100,5,29,1602.80501909424,123.906307185652,1573.80501909424
100,18,107,1827.39213210653,224.587113012285,1720.39213210653
100,16,95,2058.83796202151,231.445829914985,1963.83796202151
100,11,2106.83796202151,2632.99786359603,574.159901574516,526.159901574516
100,12,2112.83796202151,2749.33202337924,116.33415978321,636.494061357726
100,4,3233.20633656405,3579.9665349505,830.63451157126,346.760198386452
100,1,5,3673.68713483709,93.7205998865866,3668.68713483709
100,15,89,3779.38691523345,105.699780396364,3690.38691523345
100,7,3803.38691523345,4037.42606866897,258.039153435516,234.039153435516
101,10,59,322.853306257993,322.853306257993,263.853306257993
101,6,35,522.001544820082,199.148238562089,487.001544820082
101,2,334.853306257993,835.777306749367,313.775761929284,500.924000491374
101,12,889.777306749367,1260.1856101975,424.408303448129,370.408303448129
101,15,907.777306749367,1355.33720917762,95.1515989801196,447.559902428249
101,18,107,1754.33582417401,398.998614996396,1647.33582417401
101,7,41,1795.45396502828,41.1181408542654,1754.45396502828
101,1,2055.99798352493,2264.72553452057,469.27156949229,208.727550995635
101,13,77,2433.7672589592,169.041724438634,2356.7672589592
101,5,29,2499.47064108103,65.7033821218247,2470.47064108103
101,16,3093.80451679693,3330.94481123402,831.474170152992,237.140294437085
101,3,3057.80451679693,3544.99799389459,214.053182660572,487.193477097658
102,9,53,340.080141630855,340.080141630855,287.080141630855
102,8,47,514.957407987529,174.877266356674,467.957407987529
102,20,119,584.703254945259,69.7458469577301,465.703254945259
102,17,101,697.003133541213,112.299878595954,596.003133541213
102,12,406.080141630855,818.607113871741,121.603980330529,412.526972240886
102,11,971.505869262431,1148.75643304074,330.149319168998,177.250563778308
102,2,1357.41693827767,1492.58531527073,343.828882229993,135.168376993065
102,15,89,1685.39333243026,192.808017159523,1596.39333243026
102,6,1715.39333243026,2103.8728816488,418.479549218546,388.479549218546
102,3,2302.19735427171,2424.64787410022,320.774992451416,122.450519828511
102,4,23,2563.1294293752,138.481555274986,2540.1294293752
102,13,77,2664.32705137827,101.197622003068,2587.32705137827
102,1,590.703254945259,3171.06597039095,506.738919012683,2580.3627154457
102,7,626.703254945259,3396.66638097833,225.600410587373,2769.96312603307
103,1,5,328.277462207902,328.277462207902,323.277462207902
103,18,107,506.425176439663,178.147714231761,399.425176439663
103,17,424.277462207902,650.928374598327,144.503198158664,226.650912390425
103,19,436.277462207902,1150.26121181906,499.332837220735,713.98374961116
103,10,1316.22279489981,1589.72745336015,439.466241541091,273.504658460346
103,14,406.277462207902,1708.70702630307,118.979572942916,1302.42956409517
103,15,89,1814.86930528874,106.162278985669,1725.86930528874
103,4,23,1867.19959599978,52.330290711044,1844.19959599978
103,11,65,2272.69269692175,405.493100921969,2207.69269692175
103,12,2119.91562108263,2397.34989897553,124.657202053779,277.434277892899
104,7,41,303.125194829549,303.125194829549,262.125194829549
104,3,321.125194829549,793.423351375805,490.298156546256,472.298156546256
104,19,113,1186.43872113598,393.015369760171,1073.43872113598
104,18,107,1258.8126909824,72.3739698464208,1151.8126909824
104,10,59,1412.32109813607,153.508407153674,1353.32109813607
104,14,83,1519.60768893491,107.286590798834,1436.60768893491
104,2,11,2012.42122587785,492.813536942942,2001.42122587785
104,8,47,2753.80425614667,741.383030268819,2706.80425614667
104,15,89,2915.27773670586,161.473480559197,2826.27773670586
104,16,2974.27773670586,3137.2674505091,221.989713803241,162.989713803241
105,1,5,317.970608602348,317.970608602348,312.970608602348
105,14,395.970608602348,894.110225858623,576.139617256274,498.139617256274
105,15,1078.64357824123,1314.752593952,420.642368093376,236.109015710769
105,9,1510.43848114308,1678.17242211436,363.41982816236,167.73394097128
105,13,1534.43848114308,1872.91605932649,194.743637212135,338.477578183415
105,10,1516.43848114308,2005.202812674,132.286753347511,488.764331530926
105,6,35,2344.25294448832,339.05013181432,2309.25294448832
105,18,1552.43848114308,2556.77562440361,212.522679915286,1004.33714326053
105,4,2574.77562440361,2812.87952074828,256.103896344668,238.103896344668
105,17,3265.023757268,3411.65302942514,598.773508676866,146.62927215714
105,11,3247.023757268,3709.21933668441,297.566307259271,462.195579416411
105,8,359.970608602348,4054.18148136974,344.962144685322,3694.21087276739
106,3,17,381.537881844583,381.537881844583,364.537881844583
106,1,387.537881844583,630.502759821886,248.964877977303,242.964877977303
106,9,429.537881844583,740.982531581206,110.47977175932,311.444649736623
106,19,489.537881844583,856.813512893194,115.830981311988,367.275631048611
106,17,994.578666425687,1304.35959968441,447.54608679122,309.780933258727
106,5,29,1510.13530696724,205.775707282823,1481.13530696724
106,11,65,1594.24197573311,84.1066687658679,1529.24197573311
106,8,2454.44255859456,2600.73016418127,1006.48818844816,146.28760558671
106,14,2472.44255859456,2732.71309037843,131.982926197168,260.270531783877
106,6,35,3238.82644170984,506.113351331408,3203.82644170984
106,13,77,3440.40776803783,201.581326327987,3363.40776803783
107,5,29,298.208587315656,298.208587315656,269.208587315656
107,18,400.208587315656,657.014339048456,358.805751732801,256.805751732801
107,7,334.208587315656,869.222251897463,212.207912849007,535.013664581807
107,9,53,1123.2535809488,254.031329051335,1070.2535809488
107,8,47,1216.74495109967,93.4913701508772,1169.74495109967
107,10,59,1324.62832521717,107.883374117497,1265.62832521717
107,12,71,1409.21362631111,84.5853010939386,1338.21362631111
107,17,1475.21362631111,1706.0772784956,296.863652184487,230.863652184487
107,19,113,2684.20845375801,978.131175262418,2571.20845375801
107,13,2726.20845375801,3034.4070532477,350.19859948968,308.19859948968
107,15,3402.85088413504,3722.22506503885,687.818011791152,319.37418090381
108,18,107,303.706286058409,303.706286058409,196.706286058409
108,14,83,445.925306287813,142.219020229404,362.925306287813
108,6,339.706286058409,665.486527445277,219.561221157464,325.780241386868
108,16,881.431423612218,1081.17100182854,415.684474383268,199.739578216326
108,9,845.431423612218,1170.62805658446,89.4570547559147,325.196632972241
108,1,5,1323.51664495934,152.888588374885,1318.51664495934
108,13,1383.51664495934,1832.74138168009,509.224736720748,449.224736720748
108,19,113,2322.8117141603,490.070332480207,2209.8117141603
108,3,17,3002.49224782354,679.680533663243,2985.49224782354
108,15,3691.60234426086,3893.49554530849,891.003297484944,201.893201047625
109,17,101,334.840871258273,334.840871258273,233.840871258273
109,15,424.840871258273,637.51863618781,302.677764929537,212.677764929537
109,16,430.840871258273,920.922491677932,283.403855490122,490.081620419659
109,14,836.313933934606,1169.42198707894,248.499495401008,333.108053144334
109,7,41,1585.37060856771,415.948621488774,1544.37060856771
109,9,53,1890.11097631298,304.740367745267,1837.11097631298
109,11,65,2258.31940884507,368.208432532085,2193.31940884507
109,6,1926.11097631298,2379.25823368219,120.938824837127,453.147257369212
109,3,1908.11097631298,2446.17589759172,66.9176639095244,538.064921278736
109,4,1914.11097631298,2498.39985208381,52.2239544920949,584.288875770831
109,2,2641.94363130846,2951.36262615995,452.962774076135,309.418994851485
109,18,2981.36262615995,3136.91261502278,185.549988862836,155.549988862836
109,20,119,3286.41812710017,149.505512077386,3167.41812710017
109,13,77,3364.30531715553,77.8871900553595,3287.30531715553
109,10,59,3448.1024554335,83.7971382779697,3389.1024554335
110,20,119,327.336285470674,327.336285470674,208.336285470674
110,15,872.381241315995,1063.56739948855,736.231114017875,191.186158172554
110,18,890.381241315995,1185.08394382638,121.516544337831,294.702702510385
110,5,812.381241315995,1467.01332639676,281.929382570379,654.632085080764
110,10,59,1910.1225101266,443.109183729837,1851.1225101266
110,9,381.336285470674,2041.81126895714,131.688758830547,1660.47498348647
110,14,2206.71164748887,2465.2089039411,423.397634983953,258.497256452227
110,6,35,2791.69150692868,326.482602987584,2756.69150692868
110,12,71,2873.38886053818,81.6973536094988,2802.38886053818
110,8,2639.09608105526,3082.21451978552,208.825659247343,443.118438730258
110,7,3327.12240964826,3421.13520431269,338.920684527165,94.0127946644288
110,1,3303.12240964826,3542.69484495771,121.559640645025,239.572435309454
110,17,101,3705.63378036881,162.938935411101,3604.63378036881
110,19,113,3780.24359765944,74.6098172906286,3667.24359765944
110,16,95,3855.12059854246,74.8770008830224,3760.12059854246
111,12,71,360.247524446832,360.247524446832,289.247524446832
111,15,444.247524446832,943.868519786403,583.620995339571,499.620995339571
111,5,967.868519786403,1271.01246879948,327.143949013077,303.143949013077
111,13,77,1497.83194825286,226.819479453382,1420.83194825286
111,7,1527.83194825286,1838.93096421629,341.099015963423,311.099015963423
111,19,113,1993.90396983983,154.973005623541,1880.90396983983
111,2,2010.90396983983,2274.660659782,280.756689942177,263.756689942177
111,18,107,2369.50041130955,94.8397515275451,2262.50041130955
111,17,101,2825.77634349041,456.275932180862,2724.77634349041
111,16,95,2926.144080169,100.367736678592,2831.144080169
111,11,65,3004.32793858474,78.1838584157399,2939.32793858474
111,3,17,3274.37832275082,270.05038416608,3257.37832275082
111,8,47,3363.3378142722,88.9594915213761,3316.3378142722
111,4,23,3474.92651517477,111.588700902566,3451.92651517477
111,10,420.247524446832,3612.31029406226,137.383778887496,3192.06276961543
112,3,17,362.147863965085,362.147863965085,345.147863965085
112,17,458.147863965085,753.736477883869,391.588613918785,295.588613918785
112,15,446.147863965085,835.491963938638,81.7554860547683,389.344099973553
112,14,440.147863965085,1128.32908669073,292.837122752094,688.181222725647
112,9,1170.32908669073,1602.65753544096,474.328448750226,432.328448750226
112,1,5,2067.16938463793,464.511849196974,2062.16938463793
112,2,11,2145.32312765112,78.153743013193,2134.32312765112
112,6,35,2236.4877286881,91.16460103698,2201.4877286881
112,7,1829.71001717331,2529.87118905025,293.38346036215,700.161171876946
112,16,2571.87118905025,2669.87253225867,140.001343208411,98.0013432084111
112,4,2535.87118905025,2936.38056439005,266.508032131382,400.509375339793
112,19,113,3365.67521070089,429.29464631084,3252.67521070089
112,12,71,3507.31633835474,141.641127653854,3436.31633835474
112,5,3518.31633835474,3708.2365568947,200.920218539961,189.920218539961
113,2,11,347.386208291965,347.386208291965,336.386208291965
113,6,35,550.189777551846,202.803569259881,515.189777551846
113,20,119,832.023212913885,281.833435362039,713.023212913885
113,7,856.023212913885,1086.97203860593,254.948825692041,230.948825692041
113,4,1509.63193503773,1648.66941163601,561.697373030081,139.037476598274
113,14,1557.63193503773,1968.07892913343,319.409517497421,410.446994095695
113,8,47,2115.27907191687,147.200142783441,2068.27907191687
113,12,71,2137.51135775786,22.2322858409916,2066.51135775786
113,18,107,2198.51157272295,61.0002149650863,2091.51157272295
113,9,53,2519.29821492146,320.78664219851,2466.29821492146
113,3,17,2595.4037794814,76.1055645599426,2578.4037794814
113,13,419.386208291965,2765.86123987479,170.457460393393,2346.47503158283
113,16,3330.14929419459,3515.86168781026,750.000447935466,185.712393615664
114,17,101,346.634571787245,346.634571787245,245.634571787245
114,1,352.634571787245,783.571196839824,436.936625052579,430.936625052579
114,13,1086.17626465794,1178.74081144758,395.169614607755,92.5645467896352
114,12,1080.17626465794,1299.47169615864,120.730884711063,219.295431500698
114,14,1092.17626465794,1473.95650332929,174.484807170653,381.780238671351
114,5,29,1789.10195511693,315.145451787634,1760.10195511693
114,20,119,1895.92039531257,106.818440195637,1776.92039531257
114,2,11,1993.18839924508,97.2680039325182,1982.18839924508
114,19,2222.80593386769,2432.36781953942,439.179420294335,209.561885671729
114,7,3165.3508180988,3262.09726126601,829.729441726593,96.746443167212
114,10,59,3433.53169645299,171.434435186977,3374.53169645299
114,6,35,3625.06251128259,191.5308148296,3590.06251128259
115,10,59,362.291132110055,362.291132110055,303.291132110055
115,8,410.291132110055,610.82618186247,248.535049752416,200.535049752416
115,14,440.291132110055,735.935531769292,125.109349906822,295.644399659238
115,11,872.333707001925,1043.66751096662,307.731979197326,171.333803964693
115,18,107,1202.13657827408,158.469067307457,1095.13657827408
115,19,1487.95310846565,1591.75080461712,389.614226343042,103.797696151471
115,7,1445.95310846565,1770.72987087569,178.979066258576,324.776762410047
115,16,1475.95310846565,1845.11773143052,74.3878605548307,369.164622964877
115,15,2119.83184207155,2241.21975115655,396.102019726028,121.387909085001
115,12,2107.83184207155,2491.88557108678,250.665819930226,384.053729015227
115,13,77,2804.53973935954,312.654168272762,2727.53973935954
115,20,119,2938.73657805499,134.196838695452,2819.73657805499
115,2,11,3167.72522960609,228.988651551097,3156.72522960609
116,7,41,326.376073293783,326.376073293783,285.376073293783
116,8,47,547.1714939464,220.795420652617,500.1714939464
116,18,107,671.213560451775,124.042066505376,564.213560451775
116,13,795.916774929152,1007.54883456534,336.335274113563,211.632059636187
116,15,1073.54883456534,1220.31775395466,212.76891938932,146.76891938932
116,10,1295.50351368564,1528.71474677696,308.396992822301,233.211233091323
116,6,35,1665.55612425755,136.841377480586,1630.55612425755
116,11,1862.3564102213,2049.34997938975,383.793855132208,186.993569168453
116,12,71,2572.84978265787,523.499803268112,2501.84978265787
116,17,101,3023.19900838568,450.349225727814,2922.19900838568
117,3,17,315.602886996691,315.602886996691,298.602886996691
117,10,659.747367229953,865.911935566688,550.309048569997,206.164568336736
117,9,1099.30121792069,1409.95711530793,544.045179741241,310.655897387242
117,16,1597.99104652906,1817.15850020631,407.20138489838,219.167453677248
117,12,1984.74615522385,2133.47402089665,316.315520690342,148.727865672804
117,6,2418.27737130773,2604.3752554804,470.901234583748,186.097884172671
117,19,113,2792.31123616213,187.935980681732,2679.31123616213
117,17,2454.27737130773,2977.11191505381,184.800678891682,522.834543746086
117,11,65,3168.04391729667,190.932002242852,3103.04391729667
117,1,5,3388.53681145265,220.492894155988,3383.53681145265
117,18,417.602886996691,3803.6176248186,415.080813365943,3386.01473782191
118,3,17,331.04473420476,331.04473420476,314.04473420476
118,4,23,620.30390000107,289.25916579631,597.30390000107
118,9,379.04473420476,973.861708342526,353.557808341456,594.816974137765
118,11,65,1416.65279394371,442.791085601182,1351.65279394371
118,5,29,1523.63306629388,106.980272350174,1494.63306629388
118,13,77,1570.56843700885,46.9353707149662,1493.56843700885
118,12,1617.56843700885,1942.54375778854,371.975320779692,324.975320779692
118,14,83,2143.42590503337,200.882147244829,2060.42590503337
118,8,47,2257.55183824536,114.12593321199,2210.55183824536
118,10,59,2655.27616288615,397.724324640787,2596.27616288615
118,18,2191.42590503337,2869.57636256801,214.300199681866,678.150457534643
118,16,2179.42590503337,2933.63515059202,64.0587880240123,754.209245558656
118,20,3183.1601185203,3473.09360252664,539.458451934613,289.933484006336
118,6,3491.09360252664,3742.68342650816,269.58982398152,251.58982398152
119,13,77,353.681175454516,353.681175454516,276.681175454516
119,16,443.681175454516,638.947382379118,285.266206924602,195.266206924602
119,10,413.681175454516,792.892979350737,153.945596971619,379.211803896221
119,5,29,1228.08789280481,435.194913454073,1199.08789280481
119,7,41,1357.0634422052,128.975549400387,1316.0634422052
119,18,1311.08789280481,1491.40755349879,134.34411129359,180.319660693978
119,15,89,1685.94031284943,194.532759350643,1596.94031284943
119,8,1269.08789280481,1794.80722876644,108.866915917009,525.71933596163
119,19,1618.62115477858,2025.79808938774,230.990860621305,407.176934609169
119,12,2073.79808938774,2397.50059160975,371.702502222003,323.702502222003
119,20,2683.34258205336,2867.12100161311,469.620410003367,183.778419559752
119,17,2677.34258205336,2997.57086784788,130.449866234764,320.228285794516
119,1,5,3099.72841922479,102.157551376914,3094.72841922479
119,6,3021.57086784788,3405.20193229219,305.473513067394,383.631064444308
119,2,365.681175454516,3557.99188448408,152.789952191894,3192.31070902957
120,15,89,319.916691226993,319.916691226993,230.916691226993
120,4,343.916691226993,914.107452455599,594.190761228606,570.190761228606
120,12,71,1299.21085544115,385.103402985553,1228.21085544115
120,18,107,1409.1493381228,109.938482681645,1302.1493381228
120,8,47,1475.4881233911,66.3387852682988,1428.4881233911
120,9,1691.96903557865,1894.12076759291,418.632644201811,202.151732014258
120,20,1733.96903557865,2039.39220302369,145.271435430779,305.423167445036
120,6,1679.96903557865,2206.41139179266,167.019188768969,526.442356214005
120,2,11,2244.21194327627,37.8005514836127,2233.21194327627
120,13,77,2646.09994292651,401.887999650237,2569.09994292651
120,14,83,2760.80491447676,114.704971550253,2677.80491447676
120,3,17,3102.58230445307,341.777389976316,3085.58230445307
120,17,3144.58230445307,3381.58150832332,278.999203870245,236.999203870245
120,10,3126.58230445307,3524.39841497222,142.816906648902,397.816110519147
121,4,23,404.14866302519,404.14866302519,381.14866302519
121,9,53,925.045627815909,520.896964790719,872.045627815909
121,17,101,973.930312993077,48.884685177168,872.930312993077
121,10,59,1021.64514629238,47.714833299302,962.645146292379
121,3,17,1087.43099878566,65.7858524932798,1070.43099878566
121,7,41,1230.97973733501,143.548738549353,1189.97973733501
121,18,1302.97973733501,1425.7460369849,194.766299649888,122.766299649888
121,16,95,1749.28312031402,323.537083329121,1654.28312031402
121,12,1796.28312031402,1975.9016870075,226.618566693475,179.618566693475
121,8,1784.28312031402,2282.10831882138,306.206631813887,497.825198507363
121,1,2525.62294978313,2850.48221560687,568.37389678549,324.859265823739
121,19,2573.62294978313,2975.39392775743,124.91171215056,401.770977974299
122,18,107,315.238188530203,315.238188530203,208.238188530203
122,4,23,510.973379384032,195.735190853828,487.973379384032
122,2,11,633.186855843532,122.2134764595,622.186855843532
122,12,693.186855843532,901.152307024283,267.965451180751,207.965451180751
122,8,1391.33267411816,1527.34193641448,626.189629390201,136.009262296325
122,16,411.238188530203,1642.88094606024,115.539009645756,1231.64275753004
122,19,1439.33267411816,1741.79372330658,98.9127772463373,302.461049188418
122,13,393.238188530203,2044.48584789633,302.69212458975,1651.24765936612
122,10,2074.48584789633,2236.45237197868,191.966524082348,161.966524082348
122,1,5,2487.60372873976,251.151356761086,2482.60372873976
122,14,83,2541.54411746262,53.9403887228555,2458.54411746262
122,3,2729.86990052725,2995.68167216607,454.137554703453,265.811771638821
122,17,2759.86990052725,3138.50902736861,142.827355202537,378.639126841358
122,11,65,3291.17843128976,152.669403921152,3226.17843128976
122,5,29,3386.93041048198,95.75197919222,3357.93041048198
122,9,53,3535.41428473506,148.483874253077,3482.41428473506
123,8,47,298.147247446409,298.147247446409,251.147247446409
123,10,352.147247446409,546.169612534915,248.022365088506,194.022365088506
123,16,95,977.7388049573,431.569192422385,882.7388049573
123,6,35,1036.53479108743,58.7959861301316,1001.53479108743
123,17,101,1210.9724529885,174.437661901067,1109.9724529885
123,9,53,1317.50791422618,106.535461237683,1264.50791422618
123,12,71,1402.48906922453,84.9811549983519,1331.48906922453
123,13,77,1536.93198524607,134.442916021539,1459.93198524607
123,20,1596.93198524607,1716.90612012663,179.974134880554,119.974134880554
123,5,1560.93198524607,1897.98569286284,181.079572736213,337.053707616767
123,11,65,2165.75453888972,267.768846026878,2100.75453888972
123,4,23,2287.65212733116,121.897588441445,2264.65212733116
123,1,2998.93512341992,3204.61475247681,916.962625145648,205.679629056889
123,15,3022.93512341992,3583.41322886801,378.798476391201,560.47810544809
123,7,1240.9724529885,4053.81462480364,470.401395935632,2812.84217181514
124,5,29,296.976276035882,296.976276035882,267.976276035882
124,2,11,479.303094348911,182.326818313029,468.303094348911
124,16,95,551.953351921774,72.6502575728633,456.953351921774
124,14,83,691.435578510549,139.482226588775,608.435578510549
124,1,697.435578510549,1095.14475588456,403.709177374011,397.709177374011
124,3,903.275334296836,1432.25018975152,337.105433866963,528.974855454687
124,20,1666.39381852408,1761.56154631488,329.311356563352,95.1677277907995
124,13,1636.39381852408,1851.31353758855,89.7519912736789,214.919719064478
124,9,1612.39381852408,2069.48682040275,218.1732828142,457.093001878679
124,7,2323.10392956906,2457.76500161523,388.27818121248,134.661072046176
124,4,23,2734.72485590686,276.95985429163,2711.72485590686
124,6,35,3031.82429672973,297.099440822868,2996.82429672973
124,10,3519.61504501364,3715.97207269744,684.147775967708,196.357027683805
125,8,47,296.983344849768,296.983344849768,249.983344849768
125,10,350.983344849768,586.90354475417,289.920199904402,235.920199904402
125,12,1135.46495131334,1287.58166873909,700.678123984915,152.116717425749
125,15,89,1516.17498424681,228.593315507724,1427.17498424681
125,6,35,1664.90205150889,148.727067262083,1629.90205150889
125,7,41,1779.08882108958,114.186769580687,1738.08882108958
125,5,29,1871.75097443268,92.6621533430987,1842.75097443268
125,1,5,2117.33145506631,245.580480633635,2112.33145506631
125,9,2141.33145506631,2401.90254784421,284.571092777901,260.571092777901
125,2,2123.33145506631,2751.3730227627,349.470474918485,628.041567696386
125,16,3314.60160676886,3478.99469314389,727.621670381195,164.393086375032
126,11,65,379.509499338003,379.509499338003,314.509499338003
126,8,427.509499338003,873.505272544779,493.995773206776,445.995773206776
126,5,1069.66951754344,1345.54556015929,472.04028761451,275.87604261585
126,12,71,1468.22196427698,122.676404117689,1397.22196427698
126,19,113,1772.00931908424,303.787354807262,1659.00931908424
126,6,2048.08622444615,2191.15739422659,419.14807514235,143.071169780442
126,14,2078.08622444615,2314.38424838669,123.2268541601,236.298023940542
126,1,2030.08622444615,2602.80415486094,288.419906474246,572.717930414788
126,15,2966.69377612949,3246.32958007908,643.525425218144,279.635803949587
126,3,17,3824.64576268655,578.316182607468,3807.64576268655
127,5,29,300.447207020589,300.447207020589,271.447207020589
127,7,41,533.782841825213,233.335634804624,492.782841825213
127,17,101,595.44427835332,61.6614365281073,494.44427835332
127,15,89,777.718628983068,182.274350629748,688.718628983068
127,13,77,962.369732209935,184.651103226867,885.369732209935
127,11,1178.49420339927,1360.35656202003,397.986829810093,181.862358620757
127,10,1994.36854209944,2197.28465105059,836.928089030563,202.916108951148
127,19,2024.36854209944,2280.23993242882,82.9552813782261,255.871390329374
127,12,366.447207020589,2785.27836325039,505.038430821575,2418.8311562298
127,4,23,3089.40364052648,304.125277276084,3066.40364052648
128,17,101,297.322925154243,297.322925154243,196.322925154243
128,2,1021.0477835535,1268.50066617728,971.177741023037,247.452882623781
128,12,1081.0477835535,1314.84262879811,46.3419626208251,233.794845244606
128,13,1536.45525029547,1867.67273461664,552.830105818533,331.217484321165
128,6,35,2101.38131819684,233.708583580205,2066.38131819684
128,3,17,2181.98926780119,80.6079496043467,2164.98926780119
128,11,65,2343.91337509873,161.924107297543,2278.91337509873
128,20,2259.98926780119,2651.35899188852,307.445616789783,391.369724087326
128,5,2199.98926780119,2897.3231063058,245.964114417281,697.333838504607
128,18,2957.3231063058,3266.62488785707,369.301781551273,309.301781551273
128,10,59,3325.9727456531,59.3478577960259,3266.9727456531
129,5,29,300.480897052849,300.480897052849,271.480897052849
129,4,23,490.925772258712,190.444875205862,467.925772258712
129,6,621.347308342418,938.455606432757,447.529834174045,317.108298090339
129,16,390.480897052849,1392.6811479463,454.225541513546,1002.20025089345
129,18,402.480897052849,1744.11173884112,351.430590894813,1341.63084178827
129,14,83,1977.42050587318,233.308767032067,1894.42050587318
129,13,2031.42050587318,2143.9388984379,166.518392564722,112.518392564722
129,20,2049.42050587318,2341.02784281756,197.088944379651,291.607336944373
129,19,113,2441.37646318167,100.34862036411,2328.37646318167
129,15,89,2948.19236663931,506.81590345764,2859.19236663931
129,12,71,3039.54595953431,91.3535928950009,2968.54595953431
129,2,950.455606432757,3482.37715222785,442.831192693543,2531.92154579509
129,17,1004.45560643276,3700.04377193684,217.666619708992,2695.58816550408
129,9,974.455606432757,3824.9572829902,124.913511053359,2850.50167655744
130,5,29,350.495189980744,350.495189980744,321.495189980744
130,10,59,543.647360393816,193.152170413072,484.647360393816
130,18,851.880594271808,932.044960876937,388.397600483121,80.1643666051293
130,2,767.880594271808,1068.75877937422,136.713818497281,300.87818510241
130,11,1316.77662437874,1629.9104556269,561.151676252681,313.133831248155
130,7,1659.9104556269,1982.17827204027,352.267816413369,322.267816413369
130,12,71,2102.8239702566,120.64569821633,2031.8239702566
130,3,2114.8239702566,2298.93621399113,196.112243734534,184.112243734534
130,4,2120.8239702566,2450.50856346408,151.572349472944,329.684593207478
130,16,2498.50856346408,2872.65567658212,422.147113118048,374.147113118048
130,14,2908.65567658212,3126.80252498393,254.146848401808,218.146848401808
130,17,2920.65567658212,3303.06097707205,176.258452088116,382.405300489924
130,15,3339.06097707205,3529.16970816389,226.108731091838,190.108731091838
131,1,5,296.900422069939,296.900422069939,291.900422069939
131,11,65,563.211479836084,266.311057766144,498.211479836084
131,16,95,800.050974533412,236.839494697328,705.050974533412
131,10,59,1217.93111410705,417.880139573641,1158.93111410705
131,2,11,1306.98416660482,89.0530524977657,1295.98416660482
131,7,1506.48675230622,1721.80033108384,414.816164479025,215.313578777627
131,5,1905.21477257393,2225.8479710299,504.047639946057,320.633198455975
131,15,89,2318.38550841256,92.53753738266,2229.38550841256
131,6,326.900422069939,2922.79612188396,604.410613471394,2595.89569981402
131,14,374.900422069939,3287.19475803614,364.39863615218,2912.2943359662
131,8,338.900422069939,3311.14371633052,23.9489582943838,2972.24329426058
131,19,113,3537.68971733297,226.546001002455,3424.68971733297
132,19,113,314.826441834463,314.826441834463,201.826441834463
132,18,422.826441834463,1065.99916868053,751.172726846064,643.172726846064
132,10,374.826441834463,1353.53025273722,287.531084056694,978.703810902759
132,3,17,1529.32540943335,175.795156696127,1512.32540943335
132,13,1600.32540943335,1828.04187490648,298.716465473132,227.716465473132
132,5,29,2073.79745754356,245.755582637077,2044.79745754356
132,11,2302.38727909522,2434.59497770539,360.797520161832,132.207698610169
132,4,2278.38727909522,2753.83804216581,319.243064460418,475.450763070588
132,14,2795.83804216581,3004.66776273252,250.829720566708,208.829720566708
132,6,2771.83804216581,3049.78140312614,45.1136403936207,277.943360960329
132,8,47,3234.65957944071,184.878176314574,3187.65957944071
132,1,5,3327.61351519566,92.9539357549543,3322.61351519566
132,7,2947.18971467721,3553.95428001411,226.340764818448,606.764565336905
132,15,3819.88563325116,4118.04883235273,564.094552338619,298.163199101569
133,6,35,414.006502026365,414.006502026365,379.006502026365
133,12,480.006502026365,875.980580499529,461.974078473164,395.974078473164
133,17,689.935062360123,1047.42289358037,171.442313080845,357.487831220251
133,9,1083.42289358037,1300.9150731388,253.492179558429,217.492179558429
133,11,1095.42289358037,1459.81962869706,158.904555558258,364.396735116686
133,13,1101.42289358037,1597.96581857624,138.146189879174,496.542924995861
133,7,41,1740.54167862839,142.575860052153,1699.54167862839
133,15,89,1923.67906377978,183.137385151393,1834.67906377978
133,18,107,2117.40666942595,193.727605646166,2010.40666942595
133,19,113,2159.57478599613,42.1681165701789,2046.57478599613
133,3,17,2192.59927730359,33.024491307468,2175.59927730359
133,5,29,2522.7938155416,330.194538238002,2493.7938155416
133,1,5,2817.97816585842,295.184350316824,2812.97816585842
133,16,3153.9487991348,3399.30419824471,581.326032386293,245.35539910991
134,8,47,414.666615103972,414.666615103972,367.666615103972
134,11,65,1298.23886899619,883.572253892218,1233.23886899619
134,17,101,1490.29702068599,192.058151689799,1389.29702068599
134,16,95,1726.90843549663,236.611414810642,1631.90843549663
134,19,113,1891.0709339759,164.16249847927,1778.0709339759
134,12,71,1946.18524718378,55.1143132078787,1875.18524718378
134,14,1178.97050902223,2018.70470179058,72.5194546067978,839.734192768346
134,5,1136.97050902223,2147.51702466349,128.812322872917,1010.54651564126
134,18,1804.90843549663,2341.93987056959,194.422845906092,537.031435072956
134,7,1148.97050902223,2432.22503153001,90.2851609604263,1283.25452250778
134,4,1750.90843549663,2603.62692359968,171.401892069663,852.718488103045
134,20,1810.90843549663,2700.58596475169,96.9590411520121,889.677529255057
134,6,1762.90843549663,2991.08272275865,290.496758006966,1228.17428726202
134,10,59,3235.73206740404,244.649344645391,3176.73206740404
134,2,3430.24561534515,3620.03597687656,384.303909472515,189.790361531409
135,1,5,372.621007523101,372.621007523101,367.621007523101
135,5,29,862.048149235857,489.427141712756,833.048149235857
135,6,1054.90688237516,1360.50128558363,498.453136347775,305.594403208474
135,10,1539.84874936735,1863.16741144086,502.66612585723,323.318662073513
135,12,1551.84874936735,2181.2494602628,318.082048821938,629.400710895452
135,16,2247.2494602628,2595.05007697436,413.800616711559,347.800616711559
135,18,2259.2494602628,2688.40990463587,93.3598276615094,429.160444373068
135,3,2867.48184169941,3056.01548686894,367.60558223307,188.53364516953
135,11,65,3259.59661232942,203.58112546048,3194.59661232942
135,4,23,3418.94682055894,159.350208229521,3395.94682055894
136,2,11,358.22087757366,358.22087757366,347.22087757366
136,4,23,579.477886030899,221.257008457239,556.477886030899
136,1,364.22087757366,781.844886290598,202.367000259699,417.624008716938
136,11,682.013571782093,1125.41198219916,343.567095908562,443.398410417068
136,7,1714.38205575086,2046.7102474539,921.298265254741,332.328191703041
136,16,95,2159.95197059704,113.241723143139,2064.95197059704
136,14,2441.84770415127,2536.01838370869,376.066413111653,94.1706795574191
136,5,2399.84770415127,2750.19454080191,214.176157093218,350.346836650637
136,18,2957.04436487965,3262.42783472405,512.233293922137,305.383469844394
136,20,472.22087757366,3734.81093802946,472.383103305409,3262.5900604558
137,6,35,297.92922869409,297.92922869409,262.92922869409
137,13,77,501.310208570924,203.380979876834,424.310208570924
137,7,41,546.832972492346,45.5227639214229,505.832972492346
137,17,101,710.316149234759,163.483176742413,609.316149234759
137,1,716.316149234759,1073.08687499073,362.770725755972,356.770725755972
137,5,29,1309.29786355873,236.210988567999,1280.29786355873
137,19,113,1441.13801066084,131.840147102111,1328.13801066084
137,14,375.92922869409,1849.93489883664,408.796888175802,1474.00567014255
137,12,71,2100.89482520043,250.959926363782,2029.89482520043
137,18,399.92922869409,2170.17136061383,69.2765354134071,1770.24213191974
137,4,23,2626.7464778825,456.575117268663,2603.7464778825
137,20,119,2708.19656604418,81.4500881616837,2589.19656604418
137,3,17,2833.76269704814,125.566131003958,2816.76269704814
137,16,3275.58888655341,3433.87067775038,600.107980702242,158.281791196968
137,11,764.316149234759,3547.93184713893,114.061169388553,2783.61569790417
137,15,1219.93854147815,3709.56709747158,161.635250332649,2489.62855599343
138,6,35,311.854198282719,311.854198282719,276.854198282719
138,12,71,483.846426225929,171.99222794321,412.846426225929
138,19,419.854198282719,705.258725427659,221.41229920173,285.404527144941
138,14,389.854198282719,951.056866114381,245.798140686721,561.202667831662
138,17,1734.56759392735,1824.57265576235,873.515789647971,90.0050618350003
138,18,107,1948.24887708683,123.676221324478,1841.24887708683
138,11,2272.44760834257,2581.06647035126,632.817593264427,308.618862008686
138,2,2587.06647035126,2869.66970524302,288.603234891766,282.603234891766
138,13,2629.06647035126,2913.15631161325,43.4866063702311,284.089841261997
138,10,59,3379.88464801462,466.728336401369,3320.88464801462
138,1,5,3434.81710661925,54.9324586046223,3429.81710661925
138,20,2296.44760834257,3706.40405189793,271.586945278683,1409.95644355536
138,15,2284.44760834257,3793.27238029881,86.8683284008825,1508.82477195624
139,10,59,393.809930115619,393.809930115619,334.809930115619
139,14,471.809930115619,685.16776883409,291.357838718471,213.357838718471
139,11,453.809930115619,883.921018401438,198.753249567347,430.111088285819
139,2,11,974.655769411058,90.7347510096206,963.655769411058
139,17,101,1087.13108967522,112.475320264161,986.131089675219
139,8,441.809930115619,1310.67499866046,223.543908985238,868.865068544838
139,4,1476.41139780514,1645.23447165912,334.559472998661,168.823073853978
139,5,29,1742.50556078036,97.271089121243,1713.50556078036
139,1,5,2448.26838544034,705.76282465998,2443.26838544034
139,9,2997.70800532811,3219.14518977637,770.876804336025,221.437184448254
139,15,477.809930115619,3442.82310197894,223.677912202571,2965.01317186332
139,16,483.809930115619,3629.04638162201,186.223279643074,3145.23645150639
140,5,29,348.828315829755,348.828315829755,319.828315829755
140,20,462.828315829755,620.659395455572,271.831079625817,157.831079625817
140,15,89,1011.99941680319,391.340021347622,922.999416803194
140,7,1603.79416688737,1870.60173290674,858.602316103543,266.807566019364
140,4,2092.39354841864,2241.68301191964,371.0812790129,149.289463501002
140,19,113,2385.91421485734,144.2312029377,2272.91421485734
140,9,53,2537.16247231798,151.248257460647,2484.16247231798
140,10,59,2632.69754243437,95.5350701163852,2573.69754243437
140,6,35,2891.7562402151,259.058697780729,2856.7562402151
140,16,2945.7562402151,3223.93951182356,332.183271608464,278.183271608464
141,5,29,385.678631641919,385.678631641919,356.678631641919
141,3,17,545.10135008993,159.422718448011,528.10135008993
141,7,421.678631641919,670.352413021355,125.251062931424,248.673781379436
141,2,397.678631641919,854.340016091246,183.987603069892,456.661384449327
141,13,77,1211.43799259257,357.097976501323,1134.43799259257
141,12,71,1352.46909314711,141.031100554542,1281.46909314711
141,15,1590.84740947971,1938.60710938539,586.13801623828,347.759699905685
141,10,59,2959.6329631281,1021.0258537427,2900.6329631281
141,11,2989.6329631281,3142.6017322966,182.9687691685,152.9687691685
141,19,493.678631641919,3346.65511262536,204.053380328765,2852.97648098344
141,6,35,3835.55567791517,488.900565289808,3800.55567791517
142,10,59,320.09031334658,320.09031334658,261.09031334658
142,17,1497.35634928908,1575.56257274357,1255.47225939699,78.2062234544965
142,2,11,1760.07037325123,184.507800507661,1749.07037325123
142,5,1948.01903979387,2205.63144106195,445.561067810713,257.612401268079
142,1,5,2319.60236991905,113.9709288571,2314.60236991905
142,8,2349.60236991905,2669.18144635797,349.579076438929,319.579076438929
142,14,2536.72272341217,2810.37278999039,141.191343632413,273.650066578223
142,20,3043.5417690444,3145.42738170827,335.054591717886,101.885612663876
142,13,2373.60236991905,3339.54178462766,194.114402919382,965.939414708611
142,3,17,3494.58872196854,155.046937340879,3477.58872196854
143,4,23,420.288817789897,420.288817789897,397.288817789897
143,3,17,574.290721106779,154.001903316882,557.290721106779
143,18,522.288817789897,714.41074318803,140.120022081251,192.121925398132
143,7,456.288817789897,996.26351393398,281.85277074595,539.974696144083
143,5,1068.95437610621,1311.5991572176,315.335643283623,242.644781111394
143,1,5,1729.5921443534,417.992987135795,1724.5921443534
143,2,1523.88583779887,1934.69080242822,205.098658074825,410.80496462935
143,13,2184.08689331209,2475.75611979019,541.065317361966,291.669226478097
143,8,2749.58796317787,3007.95628057839,532.200160788198,258.368317400516
143,15,89,3213.0596626577,205.103382079317,3124.0596626577
143,19,3267.0596626577,3541.27186132955,328.212198671843,274.212198671843
143,9,468.288817789897,3812.27895820866,271.007096879116,3343.99014041876
144,15,89,301.807015423823,301.807015423823,212.807015423823
144,17,397.807015423823,681.102391298481,379.295375874658,283.295375874658
144,5,832.821008480921,1133.83016118344,452.727769884954,301.009152702514
144,2,11,1622.35010885967,488.519947676235,1611.35010885967
144,12,1868.04751958799,2037.32575553178,414.97564667211,169.278235943794
144,6,2268.06442696559,2397.73934451063,360.41358897885,129.674917545037
144,16,2310.06442696559,2473.64661388948,75.9072693788471,163.582186923884
144,10,2286.06442696559,2583.92058890877,110.273975019298,297.856161943182
144,4,23,2754.89225541535,170.97166650658,2731.89225541535
144,8,349.807015423823,3101.1150641167,346.222808701345,2751.30804869288
144,19,409.807015423823,3321.53879541064,220.423731293938,2911.73177998681
144,7,343.807015423823,3629.39141276777,307.85261735713,3285.58439734394
144,1,5,4139.80570708487,510.4142943171,4134.80570708487
145,8,47,297.348521660555,297.348521660555,250.348521660555
145,10,351.348521660555,702.921718823896,405.573197163341,351.573197163341
145,4,23,1018.32279482299,315.40107599909,995.322794822986
145,6,333.348521660555,1172.52798942235,154.205194599362,839.179467761794
145,1,303.348521660555,1198.26368978619,25.7357003638449,894.915168125639
145,16,1404.80574387131,1538.05412109816,339.790431311969,133.248377226851
145,12,1803.16302929884,2148.75959398339,610.705472885232,345.596564684554
145,19,113,2300.50086193534,151.741267951946,2187.50086193534
145,9,53,2399.36169513552,98.8608332001836,2346.36169513552
145,11,65,2513.12749040239,113.765795266863,2448.12749040239
145,14,83,2720.13600636124,207.008515958858,2637.13600636124
145,18,2768.13600636124,2971.45737882457,251.321372463322,203.321372463322
145,15,2756.13600636124,3143.99110187992,172.533723055353,387.855095518675
145,13,3438.38335272021,3637.8666971612,493.87559528128,199.483344440995
145,5,3426.38335272021,3844.96398225733,207.097285096134,418.580629537129
146,8,47,370.509281826096,370.509281826096,323.509281826096
146,4,630.749217376643,814.816860029664,444.307578203567,184.067642653021
146,10,660.749217376643,1012.61979959446,197.802939564793,351.870582217813
146,15,1084.61979959446,1427.42859805218,414.808798457728,342.808798457728
146,9,53,1588.97983990666,161.551241854479,1535.97983990666
146,20,1952.80104154455,2026.09049875744,437.110658850777,73.2894572128926
146,1,5,2175.16532784807,149.07482909063,2170.16532784807
146,6,35,2257.60435943866,82.4390315905921,2222.60435943866
146,5,2275.60435943866,2709.16997028595,451.565610847282,433.565610847282
146,7,41,3120.89376798176,411.723797695818,3079.89376798176
146,2,11,3204.79371054601,83.8999425642423,3193.79371054601
146,16,696.749217376643,3624.19644020048,419.402729654469,2927.44722282383
146,11,666.749217376643,3708.78813237716,84.5916921766875,3042.03891500052
147,18,107,334.866116131603,334.866116131603,227.866116131603
147,5,364.866116131603,725.32289620732,390.456780075717,360.456780075717
147,20,448.866116131603,899.700831639065,174.377935431744,450.834715507461
147,12,791.32289620732,1106.47053306468,206.769701425615,315.14763685736
147,16,1478.08878133988,1566.69316831863,460.222635253953,88.6043869787502
147,6,1424.08878133988,1769.61920203867,202.926033720034,345.530420698784
147,9,53,2265.50083073549,495.881628696821,2212.50083073549
147,14,2325.50083073549,2732.28627444073,466.78544370524,406.78544370524
147,10,2910.4136744626,3026.51664466992,294.230370229193,116.102970207319
147,15,89,3158.53506628415,132.018421614228,3069.53506628415
148,12,71,397.669644912343,397.669644912343,326.669644912343
148,14,83,622.422458203403,224.75281329106,539.422458203403
148,4,1161.10996776607,1449.54303193651,827.120573733103,288.43306417044
148,11,1191.10996776607,1623.31262103688,173.769589100376,432.202653270816
148,10,59,1859.58021631135,236.267595274473,1800.58021631135
148,20,119,1929.8198652811,70.2396489697453,1810.8198652811
148,17,1209.10996776607,2011.69144068146,81.8715754003572,802.581472915391
148,8,47,2178.08114607961,166.389705398152,2131.08114607961
148,5,2202.08114607961,2434.20725424117,256.126108161561,232.126108161561
148,3,2196.08114607961,2572.26948145101,138.062227209844,376.188335371406
148,18,107,3125.46666221899,553.197180767977,3018.46666221899
148,6,35,3214.72089224279,89.2542300238024,3179.72089224279
148,9,53,3323.770753865,109.049861622203,3270.770753865
148,13,77,3400.03547735069,76.2647234856936,3323.03547735069
148,15,3347.770753865,3614.13492483012,214.099447479425,266.364170965119
149,5,29,297.264876185838,297.264876185838,268.264876185838
149,19,113,537.508898862662,240.244022676824,424.508898862662
149,13,77,677.405328770713,139.896429908051,600.405328770713
149,18,107,774.482793368026,97.0774645973125,667.482793368026
149,10,351.264876185838,1279.0981889408,504.615395572775,927.833312754963
149,11,357.264876185838,1348.56392840747,69.4657394666658,991.299052221629
149,4,321.264876185838,1735.73555386642,387.171625458954,1414.47067768058
149,2,11,2055.98154123843,320.245987372009,2044.98154123843
149,6,2373.71926370692,2486.52821246624,430.54667122781,112.808948759318
149,14,2397.71926370692,2698.20627006446,211.678057598222,300.487006357539
149,8,2897.6278851194,3019.42830218223,321.222032117767,121.800417062824
149,7,41,3236.84920416359,217.420901981361,3195.84920416359
149,17,863.482793368026,3525.15271576515,288.303511601564,2661.66992239713
150,5,29,322.483959183676,322.483959183676,293.483959183676
150,13,77,622.255432011659,299.771472827983,545.255432011659
150,10,59,938.585143301043,316.329711289384,879.585143301043
150,3,17,1117.54271741543,178.957574114384,1100.54271741543
150,17,1003.58514330104,1210.66697925061,93.1242618351844,207.081835949569
150,9,53,1410.43901610751,199.772036856899,1357.43901610751
150,11,676.255432011659,1516.11289452368,105.673878416166,839.857462512018
150,14,688.255432011659,1801.52558937196,285.412694848281,1113.2701573603
150,1,328.483959183676,1982.27247889365,180.746889521697,1653.78851970998
150,20,119,2351.87525459606,369.602775702405,2232.87525459606
150,4,23,2433.42497216552,81.5497175694645,2410.42497216552
150,6,35,2751.19164989594,317.766677730415,2716.19164989594
150,8,2380.87525459606,2820.63556726561,69.443917369671,439.760312669551
150,7,2585.6282608948,2918.67631130816,98.0407440425497,333.04805041336
150,19,113,3307.19666299952,388.520351691363,3194.19666299952
150,15,89,3548.91121572004,241.714552720515,3459.91121572004
151,3,17,303.995255835433,303.995255835433,286.995255835433
151,19,113,531.3302991449,227.335043309467,418.3302991449
151,14,83,607.248867532856,75.9185683879563,524.248867532856
151,10,59,719.243099629631,111.994232096775,660.243099629631
151,9,53,768.680962158648,49.4378625290169,715.680962158648
151,11,65,862.731710705307,94.0507485466583,797.731710705307
151,20,119,989.366338861315,126.634628156009,870.366338861315
151,17,1049.36633886132,1195.3530787956,205.986739934284,145.986739934284
151,1,1230.63340496402,1500.19232340456,304.839244608959,269.55891844054
151,4,2036.08372783183,2181.11233264425,680.920009239687,145.028604812416
151,15,89,2341.2606117969,160.148279152651,2252.2606117969
151,13,77,2415.29916752213,74.0385557252357,2338.29916752213
151,16,2457.29916752213,2672.06078113255,256.761613610419,214.761613610419
151,2,2421.29916752213,2864.21312814586,192.152347013308,442.913960623728
151,5,3145.37943858595,3476.32963841395,612.116510268088,330.950199827999
152,15,89,378.636618730284,378.636618730284,289.636618730284
152,18,480.636618730284,655.391139198179,276.754520467895,174.754520467895
152,19,486.636618730284,857.612984866657,202.221845668478,370.976366136373
152,8,426.636618730284,968.473394600247,110.86040973359,541.836775869963
152,3,396.636618730284,1420.69056731469,452.217172714438,1024.0539485844
152,7,41,2123.35627781206,702.665710497372,2082.35627781206
152,13,77,2208.38126252371,85.0249847116543,2131.38126252371
152,9,1959.35889753976,2431.26546683678,222.884204313071,471.90656929702
152,1,1935.35889753976,2604.53896041329,173.27349357651,669.18006287353
152,4,23,2715.01697012294,110.478009709646,2692.01697012294
152,16,95,2836.70024167252,121.683271549581,2741.70024167252
152,10,59,3006.33921158452,169.638969912003,2947.33921158452
152,11,65,3138.22155395657,131.882342372047,3073.22155395657
152,14,83,3425.43873660218,287.217182645606,3342.43873660218
152,6,3443.43873660218,3806.68800994231,381.249273340135,363.249273340135
152,17,3811.68800994231,4073.87124914588,267.183239203565,262.183239203565
153,13,77,312.752383977005,312.752383977005,235.752383977005
153,14,83,567.486273793246,254.733889816241,484.486273793246
153,10,59,1342.65732099143,775.171047198183,1283.65732099143
153,5,1130.79361695676,1532.0162009198,189.358879928375,401.222583963042
153,6,35,1667.99346609066,135.977265170854,1632.99346609066
153,18,1190.79361695676,1919.16741299922,251.173946908565,728.373796042461
153,19,1196.79361695676,2166.51447027975,247.347057280528,969.720853322989
153,12,1973.16741299922,2411.05946821152,244.544997931768,437.892055212296
153,2,2817.2247494041,3090.24778387539,679.188315663869,273.023034471288
153,20,119,3286.55316237772,196.305378502336,3167.55316237772
153,9,366.752383977005,3680.18885893507,393.635696557349,3313.43647495807
154,5,29,296.911911297485,296.911911297485,267.911911297485
154,14,83,529.566084263694,232.654172966208,446.566084263694
154,8,338.911911297485,798.485206862347,268.919122598653,459.573295564861
154,11,356.911911297485,861.632333927627,63.1471270652805,504.720422630142
154,3,314.911911297485,890.32764360489,28.6953096772623,575.415732307404
154,6,326.911911297485,1233.49262422058,343.164980615691,906.580712923095
154,15,89,1744.83274133476,511.340117114179,1655.83274133476
154,13,1996.42923684508,2091.43425511162,346.601513776862,95.0050182665439
154,7,41,2216.65074797345,125.216492861825,2175.65074797345
154,1,5,2288.35385260046,71.7031046270108,2283.35385260046
154,10,59,2599.34654758166,310.9926949812,2540.34654758166
155,3,17,327.19755478023,327.19755478023,310.19755478023
155,12,71,527.593472091025,200.395917310795,456.593472091025
155,4,23,648.548291183022,120.954819091997,625.548291183022
155,7,41,844.713593598306,196.165302415284,803.713593598306
155,17,423.19755478023,1107.57744825503,262.863854656728,684.379893474804
155,14,83,1661.71605717286,554.138608917825,1578.71605717286
155,13,77,1801.83713693084,140.121079757984,1724.83713693084
155,5,351.19755478023,1920.63164640706,118.794509476213,1569.43409162683
155,19,2416.90855400727,2540.22499245341,619.593346046352,123.316438446142
155,16,2404.90855400727,2612.79219575575,72.567203302342,207.883641748484
155,20,653.548291183022,3111.19399283862,498.40179708287,2457.6457016556
156,16,95,361.297160630974,361.297160630974,266.297160630974
156,9,415.297160630974,978.188038772821,616.890878141846,562.890878141846
156,18,107,1683.44478505908,705.256746286254,1576.44478505908
156,15,89,1851.38843542197,167.943650362899,1762.38843542197
156,1,5,1874.35291902706,22.9644836050841,1869.35291902706
156,13,77,2197.08786899226,322.734949965198,2120.08786899226
156,5,29,2587.23252809908,390.144659106822,2558.23252809908
156,4,2387.40565067026,2772.97853552914,185.746007430061,385.572884858882
156,11,2814.97853552914,2925.0752859504,152.096750421258,110.096750421258
156,8,3442.14690845009,3720.5194933246,795.444207374203,278.372584874514
156,20,1537.22862410602,3865.71495323233,145.195459907729,2328.48632912631
157,13,77,324.157229933984,324.157229933984,247.157229933984
157,18,107,582.200572581779,258.043342647796,475.200572581779
157,15,89,788.270177771569,206.06960518979,699.270177771569
157,12,396.157229933984,1918.95838496501,1130.68820719344,1522.80115503103
157,5,29,2426.11124494423,507.152859979219,2397.11124494423
157,19,113,2513.41249460583,87.3012496615988,2400.41249460583
157,8,47,2573.53528596096,60.1227913551361,2526.53528596096
157,17,101,2669.64291743066,96.1076314697002,2568.64291743066
157,14,2729.64291743066,2879.03458460619,209.391667175531,149.391667175531
157,7,41,3090.82487272397,211.790288117771,3049.82487272397
157,20,119,3163.09803803302,72.2731653090564,3044.09803803302
157,6,35,3215.02887175511,51.9308337220878,3180.02887175511
158,8,47,416.638503506333,416.638503506333,369.638503506333
158,15,89,642.012626852578,225.374123346245,553.012626852578
158,19,744.012626852578,1148.68334834241,506.670721489836,404.670721489836
158,6,35,1288.07555734573,139.392209003317,1253.07555734573
158,11,702.012626852578,1522.15089997292,234.075342627191,820.138273120345
158,16,95,1700.89936345278,178.74846347986,1605.89936345278
158,7,2303.15856854537,2446.57833477032,745.678971317542,143.419766224952
158,9,53,2614.79650809676,168.218173326436,2561.79650809676
158,18,107,2754.85657898566,140.060070888895,2647.85657898566
158,2,11,2797.21886295005,42.3622839643986,2786.21886295005
158,4,3023.79444416731,3132.51261251676,335.293749566706,108.718168349453
158,1,5,3492.83010218958,360.317489672822,3487.83010218958
158,12,71,3662.25071628549,169.420614095908,3591.25071628549
158,14,83,3852.99213790096,190.741421615466,3769.99213790096
158,5,4072.54652613585,4203.38354481029,350.391406909329,130.837018674433
158,20,959.04263844826,4507.06715638204,303.683611571754,3548.02451793378
159,12,71,381.450497247793,381.450497247793,310.450497247793
159,11,65,508.448496762948,126.997999515155,443.448496762948
159,17,101,972.470780014197,464.022283251249,871.470780014197
159,6,544.448496762948,1173.78585705176,201.315077037564,629.337360288813
159,8,1209.78585705176,1352.66721686371,178.881359811954,142.881359811954
159,3,17,1682.80575297362,330.138536109903,1665.80575297362
159,19,1754.80575297362,2053.09378762287,370.288034649253,298.288034649253
159,15,1923.56403832888,2179.81993265847,126.726145035601,256.255894329589
159,5,1887.56403832888,2344.80938062526,164.989447966785,457.245342296374
159,4,23,2831.45470765041,486.645327025151,2808.45470765041
159,20,119,2991.83392094453,160.379213294119,2872.83392094453
159,9,3015.83392094453,3250.13568680193,258.301765857404,234.301765857404
159,10,3021.83392094453,3398.41107850995,148.275391708016,376.577157565421
159,1,3404.41107850995,3716.12186273844,317.710784228492,311.710784228492
160,13,77,297.549116636308,297.549116636308,220.549116636308
160,1,5,478.334670741995,180.785554105686,473.334670741995
160,8,47,750.419599695493,272.084928953499,703.419599695493
160,7,786.419599695493,1163.36277674633,412.943177050838,376.943177050838
160,14,83,1531.13617640369,367.773399657355,1448.13617640369
160,19,113,1705.11951518763,173.983338783949,1592.11951518763
160,6,333.549116636308,2019.83089007815,314.711374890519,1686.28177344185
160,10,357.549116636308,2085.87772310056,66.0468330224016,1728.32860646425
160,12,369.549116636308,2699.22659631337,613.348873212814,2329.67747967706
160,16,3050.55117132938,3369.77343255255,670.546836239181,319.22226122317
161,12,71,301.767175092875,301.767175092875,230.767175092875
161,19,113,493.539960169961,191.772785077086,380.539960169961
161,17,397.767175092875,657.785966103994,164.246005934032,260.018791011118
161,10,59,995.580860343775,337.794894239781,936.580860343775
161,4,1191.34691651455,1336.05022128462,340.469360940845,144.703304770066
161,5,1197.34691651455,1645.74394781934,309.693726534724,448.397031304791
161,3,1663.74394781934,1866.03516760549,220.291219786141,202.291219786141
161,8,2326.16986047356,2505.24025853325,639.205090927762,179.070398059685
161,6,35,2667.01922308699,161.778964553747,2632.01922308699
161,9,53,2863.72318728135,196.703964194357,2810.72318728135
162,4,23,350.221170437088,350.221170437088,327.221170437088
162,7,41,471.97336292219,121.752192485101,430.97336292219
162,20,119,695.222343007653,223.248980085463,576.222343007653
162,13,537.97336292219,810.516957754187,115.294614746534,272.543594831997
162,12,1797.79456341722,2062.4998153241,1251.98285756991,264.705251906878
162,18,1821.79456341722,2314.82176490878,252.321949584679,493.027201491557
162,15,89,2752.53816185472,437.716396945944,2663.53816185472
162,14,2960.20351429889,3278.89899679683,526.360834942115,318.695482497948
162,11,3332.89899679683,3486.88070607799,207.981709281155,153.981709281155
162,3,3296.89899679683,3671.81372944907,184.933023371081,374.914732652235
162,17,101,3959.86996602399,288.056236574917,3858.86996602399
163,8,47,433.101752047971,433.101752047971,386.101752047971
163,18,535.101752047971,650.116574969678,217.014822921707,115.014822921707
163,11,493.101752047971,1453.03531483066,802.918739860984,959.933562782691
163,12,499.101752047971,1535.65943559247,82.6241207618048,1036.5576835445
163,9,53,1717.29461653636,181.635180943891,1664.29461653636
163,14,83,1846.83949320655,129.544876670188,1763.83949320655
163,19,113,1953.61314064682,106.773647440277,1840.61314064682
163,15,89,2062.08285429684,108.46971365002,1973.08285429684
163,3,1971.61314064682,2390.46512212157,328.382267824731,418.851981474751
163,4,23,2929.87814259738,539.413020475804,2906.87814259738
163,16,2977.87814259738,3282.95154149906,353.073398901676,305.073398901676
163,7,2959.87814259738,3329.68391843272,46.7323769336672,369.805775835343
164,14,83,304.949109395714,304.949109395714,221.949109395714
164,15,388.949109395714,611.251393746078,306.302284350364,222.302284350364
164,9,358.949109395714,1019.0494430067,407.798049260621,660.100333610986
164,5,29,1684.05313586648,665.003692859782,1655.05313586648
164,7,1714.05313586648,1943.00750329905,258.954367432567,228.954367432567
164,20,1768.05313586648,2258.45299523804,315.445491938988,490.399859371555
164,6,35,2674.45991215631,416.006916918276,2639.45991215631
164,2,11,2777.74844222707,103.288530070761,2766.74844222707
164,10,59,2938.96689308042,161.218450853345,2879.96689308042
164,13,2985.96689308042,3329.90848396114,390.941590880727,343.941590880727
165,3,17,331.438078096059,331.438078096059,314.438078096059
165,16,421.438078096059,871.43983433888,540.001756242821,450.001756242821
165,17,101,1026.93655004541,155.496715706527,925.936550045407
165,7,1067.93655004541,1293.80250891571,266.865958870302,225.865958870302
165,6,1061.93655004541,1551.16966929794,257.367160382234,489.233119252536
165,2,1043.93655004541,1612.09170997248,60.9220406745346,568.155159927071
165,8,1073.93655004541,1729.02485003415,116.933140061677,655.088299988747
165,1,1893.56525714057,2272.65216624907,543.627316214912,379.086909108496
165,19,1959.56525714057,2375.73310912759,103.080942878527,416.167851987023
165,4,23,2721.26640142626,345.533292298663,2698.26640142626
165,12,71,2760.60480432765,39.3384029013923,2689.60480432765
165,20,119,3068.94226095567,308.337456628021,2949.94226095567
166,11,65,318.390379211427,318.390379211427,253.390379211427
166,18,420.390379211427,741.200853860258,422.81047464883,320.81047464883
166,6,354.390379211427,1011.93127932005,270.730425459791,657.540900108621
166,19,1101.93127932005,1296.74929211146,284.818012791412,194.818012791412
166,5,348.390379211427,1354.08329053966,57.3339984282022,1005.69291132823
166,16,1675.91850833495,1767.75208789034,413.668797350676,91.8335795553908
166,15,1669.91850833495,1897.54594170363,129.793853813296,227.627433368687
166,7,41,2080.47356896911,182.927627265478,2039.47356896911
166,20,119,2095.1665861017,14.6930171325921,1976.1665861017
166,10,2308.91636843544,2564.90959543364,469.743009331932,255.993226998196
166,17,2332.91636843544,2694.41540915906,129.505813725421,361.499040723617
166,2,11,3368.16274106777,673.747331908714,3357.16274106777
166,12,3243.145986771,3514.80686975938,146.644128691609,271.660882988385
166,8,2296.91636843544,4135.71736986298,620.910500103599,1838.80100142754
167,4,23,345.909826882974,345.909826882974,322.909826882974
167,19,453.909826882974,613.80859347116,267.898766588186,159.898766588186
167,7,781.071239009048,1032.65726859632,418.848675125162,251.586029587275
167,20,119,1460.36385898131,427.706590384991,1341.36385898131
167,10,1237.35670985832,1662.36135147587,201.997492494553,425.004641617544
167,15,1267.35670985832,1872.86175956716,210.500408091291,605.505049708835
167,1,5,2673.69561265327,800.833853086111,2668.69561265327
167,16,95,2718.05524742529,44.3596347720186,2623.05524742529
167,3,363.909826882974,3011.27028227767,293.215034852383,2647.3604553947
167,6,35,3098.16373102333,86.8934487456636,3063.16373102333
167,18,107,3674.90685257537,576.74312155204,3567.90685257537
167,8,47,3730.04986026098,55.1430076856045,3683.04986026098
168,14,83,368.631106977193,368.631106977193,285.631106977193
168,6,404.631106977193,619.214390703807,250.583283726615,214.583283726615
168,15,452.631106977193,856.85408270624,237.639692002433,404.222975729048
168,10,59,953.455762102125,96.6016793958843,894.455762102125
168,7,1158.1460444018,1507.54836359783,554.092601495703,349.402319196024
168,13,1561.54836359783,1745.70263072661,238.154267128778,184.154267128778
168,1,2056.27181115342,2368.04320912939,622.34057840278,311.771397975963
168,3,2380.04320912939,2677.1641283731,309.120919243717,297.120919243717
168,4,2386.04320912939,2750.07103503172,72.9069066586153,364.027825902333
168,12,71,2893.05762801272,142.986592980997,2822.05762801272
168,5,398.631106977193,3150.33685061825,257.279222605532,2751.70574364105
168,18,107,3511.47379423829,361.136943620044,3404.47379423829
169,9,53,298.5642461123,298.5642461123,245.5642461123
169,1,5,540.795313737686,242.231067625386,535.795313737686
169,16,95,622.916084849541,82.1207711118551,527.916084849541
169,5,29,768.324602736575,145.408517887034,739.324602736575
169,7,41,856.398819775117,88.0742170385416,815.398819775117
169,11,358.5642461123,1269.09134192732,412.692522152201,910.527095815018
169,8,47,1545.19214903687,276.100807109551,1498.19214903687
169,10,352.5642461123,1672.46398698226,127.271837945385,1319.89974086995
169,14,376.5642461123,1714.35912386409,41.8951368818396,1337.79487775179
169,19,1921.88614922846,2042.16946170478,327.810337840687,120.283312476324
169,2,11,2519.17150945182,477.002047747043,2508.17150945182
169,12,2548.17150945182,2805.2174645847,286.045955132878,257.045955132878
170,20,119,309.202179491625,309.202179491625,190.202179491625
170,13,387.202179491625,650.516481220439,341.314301728814,263.314301728814
170,4,23,1029.61475711354,379.0982758931,1006.61475711354
170,1,5,1338.70830690429,309.093549790746,1333.70830690429
170,8,1246.82634222315,1491.49384635043,152.785539446147,244.667504127283
170,17,101,1525.91510456315,34.4212582127166,1424.91510456315
170,5,29,1687.37382953218,161.458724969035,1658.37382953218
170,3,1867.57994657568,2212.03280280414,524.658973271954,344.452856228454
170,9,53,2557.34107244253,345.308269638397,2504.34107244253
170,14,83,2623.62037723948,66.279304796944,2540.62037723948
170,11,375.202179491625,2906.38316171529,282.762784475812,2531.18098222367
170,19,2960.38316171529,3221.80294312492,315.419781409626,261.419781409626
170,18,417.202179491625,3257.3069369603,35.5039938353852,2840.10475746868
171,20,119,365.234539685079,365.234539685079,246.234539685079
171,9,53,461.705321215914,96.4707815308347,408.705321215914
171,12,527.705321215914,895.681977462445,433.976656246531,367.976656246531
171,18,107,1506.0640752278,610.382097765353,1399.0640752278
171,13,1571.0640752278,1904.25748447987,398.193409252067,333.193409252067
171,10,59,2320.33322880909,416.075744329227,2261.33322880909
171,1,5,2366.78151531638,46.4482865072832,2361.78151531638
171,14,83,2644.21879922979,277.437283913418,2561.21879922979
171,3,17,2692.6590991116,48.4402998818023,2675.6590991116
171,19,2984.40541556706,3160.90992602365,468.25082691205,176.504510456586
171,16,2746.6590991116,3242.21253895112,81.3026129274781,495.553439839528
171,6,2716.6590991116,3346.1670061309,103.954467179773,629.507907019302
172,2,11,298.010107512176,298.010107512176,287.010107512176
172,4,316.010107512176,598.817185482119,300.807077969943,282.807077969943
172,18,708.394488184949,809.213719652065,210.396534169946,100.819231467117
172,3,310.010107512176,1083.63533464666,274.421614994598,773.625227134487
172,17,1167.63533464666,1446.43317097017,362.797836323504,278.797836323504
172,1,1089.63533464666,1610.42503015348,163.991859183314,520.789695506818
172,8,1634.42503015348,1732.47775478883,122.052724635348,98.0527246353481
172,20,119,1885.75670099569,153.27894620686,1766.75670099569
172,15,89,1972.35101150539,86.5943105096994,1883.35101150539
172,10,59,2005.0833221105,32.7323106051067,1946.0833221105
172,6,1622.42503015348,2302.73409000688,297.650767896388,680.309059853402
172,7,41,3053.66638350433,750.932293497448,3012.66638350433
172,16,2871.3336897605,3244.43580538127,190.769421876936,373.102115620766
173,11,65,436.041018156954,436.041018156954,371.041018156954
173,9,53,806.593673154306,370.552654997352,753.593673154306
173,6,472.041018156954,945.560833940001,138.967160785695,473.519815783047
173,18,1210.30240754063,1450.64379906312,505.082965123121,240.341391522489
173,20,119,1615.78152714973,165.137728086605,1496.78152714973
173,17,1522.64379906312,1878.74345620561,262.961929055883,356.099657142488
173,13,77,2053.28470182001,174.541245614399,1976.28470182001
173,3,17,2235.35942189287,182.074720072862,2218.35942189287
173,1,5,2446.39980141491,211.04037952204,2441.39980141491
173,2,2452.39980141491,2906.61850316578,460.218701750866,454.218701750866
173,12,2482.39980141491,3063.92032632329,157.301823157518,581.520524908384
173,10,59,3351.71495779842,287.794631475125,3292.71495779842
173,8,47,3431.03471873276,79.3197609343365,3384.03471873276
173,7,478.041018156954,3615.18773242671,184.15301369395,3137.14671426975
173,4,3561.3968769063,3705.86511391153,90.6773814848261,144.468237005231
174,9,53,334.355215818308,334.355215818308,281.355215818308
174,5,29,571.310460128204,236.955244309896,542.310460128204
174,2,346.355215818308,790.916096647954,219.60563651975,444.560880829646
174,3,589.310460128204,1214.34006613715,423.423969489191,625.029606008941
174,4,1719.52048819481,2022.95361079058,808.613544653436,303.433122595776
174,19,2100.95361079058,2390.21536629986,367.261755509278,289.261755509278
174,12,2250.19187593108,2653.6961179855,263.480751685638,403.504242054419
174,7,2853.3309688816,3025.94071787009,372.244599884594,172.609748988493
174,1,5,3285.34666850549,259.405950635401,3280.34666850549
174,14,3548.99714180191,3663.32320972231,377.976541216821,114.326067920405
175,7,41,315.626340154694,315.626340154694,274.626340154694
175,11,375.626340154694,646.713718583847,331.087378429153,271.087378429153
175,12,381.626340154694,861.38788678254,214.674168198693,479.761546627846
175,14,1005.08585584098,1320.26597732247,458.87809053993,315.180121481487
175,20,1041.08585584098,1530.67971538869,210.413738066218,489.593859547705
175,16,1017.08585584098,1624.22596710063,93.5462517119429,607.140111259648
175,13,1374.26597732247,1842.22620817736,218.000241076725,467.960230854886
175,10,1368.26597732247,1930.33503468004,88.1088265026819,562.069057357568
175,17,101,2065.56294082655,135.22790614651,1964.56294082655
175,5,29,2180.21597907267,114.653038246126,2151.21597907267
175,4,2890.90402916274,3168.84517196891,988.629192896238,277.941142806168
175,15,89,3308.47151665761,139.626344688701,3219.47151665761
175,19,3216.84517196891,3466.79462048989,158.323103832279,249.94944852098
175,18,3210.84517196891,3603.78568353651,136.991063046615,392.940511567595
175,6,3905.52113833119,3972.96359536594,369.17791182943,67.4424570347446
176,12,71,364.28874203541,364.28874203541,293.28874203541
176,10,59,567.63112150435,203.34237946894,508.63112150435
176,11,65,687.178545198619,119.547423694268,622.178545198619
176,6,35,999.855086392279,312.676541193661,964.855086392279
176,14,83,1161.62755173683,161.772465344551,1078.62755173683
176,7,1023.85508639228,1409.31482814809,247.687276411255,385.459741755806
176,8,1688.67620071036,1917.70364458918,508.388816441091,229.027443878814
176,17,101,2199.51711621167,281.813471622492,2098.51711621167
176,1,5,2357.43401402214,157.916897810469,2352.43401402214
176,19,472.28874203541,2537.49339092686,180.059376904726,2065.20464889145
176,5,29,2795.05673988175,257.563348954893,2766.05673988175
176,4,2555.49339092686,3008.65904986863,213.602309986873,453.165658941766
176,3,17,3120.75987150962,112.100821640994,3103.75987150962
176,20,783.178545198619,3434.2474882698,313.487616760176,2651.06894307118
177,17,101,421.721143584872,421.721143584872,320.721143584872
177,11,65,578.627018718634,156.905875133762,513.627018718634
177,7,41,779.075310405263,200.448291686629,738.075310405263
177,2,11,897.641790918204,118.566480512941,886.641790918204
177,20,119,1007.75372583052,110.111934912318,888.753725830522
177,19,1097.75372583052,1249.22923131441,241.47550548389,151.47550548389
177,9,53,1579.56053005548,330.331298741072,1526.56053005548
177,18,674.627018718634,2073.62882521995,494.068295164466,1399.00180650132
177,1,2189.68706540979,2378.37241845888,304.743593238933,188.685353049093
177,5,2794.1981942204,3000.81004831406,622.437629855177,206.611854093663
177,15,89,3150.94806714775,150.138018833688,3061.94806714775
177,3,1019.75372583052,3688.94538768227,537.99732053452,2669.19166185175
177,10,59,3722.50740871825,33.5620210359848,3663.50740871825
178,3,17,368.615790288722,368.615790288722,351.615790288722
178,9,53,612.570705569343,243.954915280621,559.570705569343
178,10,660.570705569343,936.025148930512,323.45444336117,275.45444336117
178,16,95,1089.62191244803,153.596763517518,994.62191244803
178,14,83,1214.28213175797,124.660219309945,1131.28213175797
178,15,1427.19914626889,1549.99630218237,335.714170424399,122.797155913485
178,13,1421.19914626889,1791.65199363066,241.655691448289,370.452847361774
178,17,101,2092.67325336243,301.021259731772,1991.67325336243
178,19,113,2505.50150582273,412.828252460297,2392.50150582273
178,18,2140.67325336243,2657.460772148,151.959266325268,516.787518785566
178,6,2110.67325336243,2736.82869586936,79.3679237213619,626.155442506928
178,20,119,2955.66555058888,218.836854719516,2836.66555058888
178,12,71,3069.65319322794,113.987642639066,2998.65319322794
178,1,5,3224.41288925326,154.759696025318,3219.41288925326
178,5,636.570705569343,3419.69898576944,195.286096516175,2783.12828020009
178,7,648.570705569343,3554.19024836832,134.491262598882,2905.61954279898
179,5,29,362.183230414643,362.183230414643,333.183230414643
179,16,95,667.420527079057,305.237296664413,572.420527079057
179,10,721.420527079057,881.670669452847,214.25014237379,160.25014237379
179,4,23,1230.34542173419,348.674752281339,1207.34542173419
179,11,1283.34542173419,1737.73519388968,507.389772155494,454.389772155494
179,12,1535.10842192236,1935.50678713889,197.771593249212,400.398365216529
179,6,1959.50678713889,2251.44975128324,315.942964144348,291.942964144348
179,15,2694.44229421802,2920.81868252587,669.368931242627,226.376388307851
179,3,3182.62665205827,3411.01222446472,490.193541938853,228.385572406449
179,14,3453.01222446472,3704.17241185792,293.160187393203,251.160187393203
180,4,23,301.55484825708,301.55484825708,278.55484825708
180,14,83,448.149510754271,146.594662497191,365.149510754271
180,11,65,553.744272332255,105.594761577985,488.744272332255
180,9,53,631.13379894298,77.389526610724,578.13379894298
180,5,29,765.018369841931,133.884570898951,736.018369841931
180,2,11,906.019292416093,141.000922574163,895.019292416093
180,10,807.018369841931,1204.57479406852,298.555501652431,397.556424226594
180,20,837.018369841931,1314.89910134328,110.324307274752,477.880731501346
180,17,397.55484825708,2454.25974415565,1139.36064281238,2056.70489589857
180,8,343.55484825708,2671.73045833594,217.470714180286,2328.17561007886
180,16,95,2833.86055041979,162.130092083849,2738.86055041979
180,18,107,2939.78338730491,105.922836885125,2832.78338730491
180,19,113,3025.21569802613,85.4323107212181,2912.21569802613
180,15,825.018369841931,3163.13711231239,137.921414286257,2338.11874247046
181,17,101,349.967007885799,349.967007885799,248.967007885799
181,6,35,598.519877322512,248.552869436713,563.519877322512
181,9,53,692.055606535341,93.5357292128282,639.055606535341
181,1,1028.25687721592,1224.53919925897,532.483592723632,196.282322043055
181,8,397.967007885799,1340.64089855309,116.101699294117,942.673890667291
181,16,95,1459.00774962275,118.366851069663,1364.00774962275
181,3,17,1504.05207570401,45.0443260812606,1487.05207570401
181,14,83,1573.95703050459,69.9049548005769,1490.95703050459
181,11,1609.95703050459,1809.28391373417,235.326883229581,199.326883229581
181,10,1603.95703050459,2140.38383069522,331.099916961052,536.426800190633
181,19,3002.35128062866,3129.96661098916,989.582780293941,127.615330360506
181,2,11,3340.76179956486,210.795188575692,3329.76179956486
181,4,3519.84626455747,3654.72407419415,313.962274629295,134.877809636683
181,18,3555.84626455747,3731.85527577544,77.1312015812937,176.009011217976
181,5,1052.25687721592,3893.80641415992,161.951138384476,2841.549536944
182,10,59,296.91869186422,296.91869186422,237.91869186422
182,7,641.848930235018,762.960560318983,466.041868454762,121.111630083964
182,13,671.848930235018,987.574849787625,224.614289468642,315.725919552606
182,14,677.848930235018,1195.79004533965,208.215195552025,517.941115104631
182,6,1353.51108518865,1499.63624159712,303.846196257471,146.125156408471
182,16,1818.08447996012,2038.36704028595,538.730798688826,220.282560325822
182,8,1788.08447996012,2252.53348381945,214.166443533503,464.449003859326
182,11,1800.08447996012,2554.72024696402,302.186763144566,754.635767003891
182,20,119,2826.93202361808,272.211776654064,2707.93202361808
182,15,89,3023.20011057174,196.26808695366,2934.20011057174
182,2,3029.20011057174,3606.08986698325,582.889756411515,576.889756411515
182,4,3678.21688860127,3856.00926089594,249.919393912683,177.792372294672
182,12,71,4037.06654053307,181.057279637128,3966.06654053307
182,1,5,4125.05773704655,87.9911965134825,4120.05773704655
182,17,101,4268.47316853604,143.41543148949,4167.47316853604
183,5,29,427.896497173101,427.896497173101,398.896497173101
183,17,101,624.733773505147,196.837276332045,523.733773505147
183,2,439.896497173101,872.611553678162,247.877780173016,432.715056505061
183,15,89,1023.77766334037,151.166109662205,934.777663340367
183,9,53,1201.58630349266,177.808640152289,1148.58630349266
183,13,77,1433.47354144211,231.887237949454,1356.47354144211
183,8,1237.58630349266,1531.62232436352,98.1487829214084,294.036020870862
183,14,2040.07050914812,2159.92391959417,628.301595230653,119.853410446055
183,10,2465.43149215059,2686.06090501089,526.136985416719,220.629412860296
183,4,2447.43149215059,2866.94478793948,180.883882928591,419.513295788886
183,16,95,3221.80940480966,354.864616870174,3126.80940480966
183,20,119,3373.03275177465,151.223346964998,3254.03275177465
183,11,3053.16885257782,3613.58945635489,240.556704580233,560.420603777065
184,7,41,324.812173311794,324.812173311794,283.812173311794
184,17,101,539.599641883008,214.787468571214,438.599641883008
184,20,119,843.811308394516,304.211666511508,724.811308394516
184,18,933.811308394516,1327.48161054596,483.670302151445,393.670302151445
184,14,1399.48161054596,1771.92616245126,444.444551905303,372.444551905303
184,1,5,2221.75867704911,449.832514597849,2216.75867704911
184,8,47,2264.63828293396,42.8796058848452,2217.63828293396
184,15,408.812173311794,2810.09564595741,545.457363023454,2401.28347264562
184,6,360.812173311794,3057.65232515031,247.556679192899,2696.84015183852
184,10,59,3171.59778710617,113.945461955859,3112.59778710617
184,16,3002.35427222995,3331.76288364372,160.165096537547,329.408611413767
185,19,113,385.213493771528,385.213493771528,272.213493771528
185,13,1058.06620001445,1347.93876672304,962.725272951512,289.872566708593
185,8,1028.06620001445,1591.00188326892,243.063116545876,562.935683254469
185,18,980.066200014447,1859.53734862584,268.535465356926,879.471148611395
185,20,1088.06620001445,2060.65417021914,201.116821593297,972.587970204692
185,9,1034.06620001445,2200.2828592995,139.628689080358,1166.21665928505
185,12,2338.99258875402,2669.1480615564,468.865202256904,330.155472802378
185,1,5,3120.86049435556,451.712432799158,3115.86049435556
185,11,3173.86049435556,3589.86781489306,469.0073205375,416.0073205375
185,6,3619.86781489306,3865.30856133346,275.440746440398,245.440746440398
186,13,77,297.846474428384,297.846474428384,220.846474428384
186,16,95,516.315472076224,218.468997647839,421.315472076224
186,2,309.846474428384,878.355956355495,362.040484279271,568.50948192711
186,4,1083.27760071544,1256.91318543298,378.557229077484,173.635584717542
186,3,1077.27760071544,1468.63054444972,211.717359016744,391.352943734286
186,7,41,1591.04254521424,122.412000764519,1550.04254521424
186,20,2134.73563634667,2472.54496918406,881.502423969814,337.809332837388
186,11,65,2654.62112551083,182.076156326778,2589.62112551083
186,18,2720.62112551083,3080.94677756296,426.325652052127,360.325652052127
186,12,71,3241.76060514191,160.813827578947,3170.76060514191
187,3,17,423.093217261279,423.093217261279,406.093217261279
187,5,29,959.619146796662,536.525929535382,930.619146796662
187,13,1213.53109850747,1488.34770305534,528.728556258674,274.816604547861
187,9,1189.53109850747,1688.40712480689,200.059421751556,498.876026299417
187,12,1865.07505444546,2204.94997763076,516.542852823871,339.8749231853
187,20,2563.63599836511,2653.48819227637,448.53821464561,89.8521939112584
187,11,2533.63599836511,2798.45043632346,144.962244047088,264.814437958346
187,6,2509.63599836511,3167.64024433614,369.189808012683,658.004245971029
187,2,3454.17197308609,3633.08140258719,465.441158251047,178.909429501099
187,15,89,3826.63127313943,193.549870552239,3737.63127313943
187,4,23,3931.6963956239,105.065122484476,3908.6963956239
187,14,501.093217261279,4205.59220954014,273.895813916238,3704.49899227886
187,8,465.093217261279,4373.50549060327,167.913281063127,3908.41227334199
187,19,113,4434.93216812911,61.4266775258402,4321.93216812911
187,16,513.093217261279,4573.47329998379,138.541131854679,4060.38008272251
188,10,59,332.545810300571,332.545810300571,273.545810300571
188,20,119,879.694069314394,547.148259013823,760.694069314394
188,11,392.545810300571,1027.77460881521,148.080539500819,635.228798514642
188,17,428.545810300571,1330.23964325072,302.465034435505,901.693832950148
188,14,1690.92617175545,1772.00401164233,441.764368391606,81.077839886879
188,3,1642.92617175545,1971.03708033796,199.033068695634,328.110908582513
188,16,95,2293.99570626702,322.958625929059,2198.99570626702
188,1,5,2603.73897406263,309.743267795614,2598.73897406263
188,18,2663.73897406263,2975.86926626706,372.13029220443,312.13029220443
188,5,29,3424.41273201346,448.543465746402,3395.41273201346
189,1,5,405.855979498788,405.855979498788,400.855979498788
189,12,71,677.457426358552,271.601446859763,606.457426358552
189,15,755.457426358552,1081.04836216168,403.590935803128,325.590935803128
189,19,113,1189.21751256473,108.169150403047,1076.21751256473
189,7,713.457426358552,1379.65959615816,190.442083593429,666.202169799604
189,20,119,1653.00301097254,273.343414814383,1534.00301097254
189,5,29,1733.22121315221,80.2182021796755,1704.22121315221
189,10,59,1787.0289052768,53.8076921245838,1728.0289052768
189,11,1985.6066247397,2107.85297323979,320.824067962991,122.246348500093
189,13,77,2424.27009647517,316.41712323538,2347.27009647517
189,6,35,2723.75469336934,299.484596894166,2688.75469336934
189,17,2771.75469336934,3063.58371517433,339.829021804995,291.829021804995
189,9,3282.15348711985,3383.52599931036,319.942284136031,101.372512190515
189,14,83,3685.73733789398,302.211338583621,3602.73733789398
189,16,2765.75469336934,3979.07455612302,293.337218229037,1213.31986275368
189,2,3985.07455612302,4230.05798150427,250.983425381251,244.983425381251
190,19,113,418.193299983056,418.193299983056,305.193299983056
190,13,496.193299983056,873.680644950067,455.487344967011,377.487344967011
190,20,119,1060.64127800852,186.960633058455,941.641278008522
190,2,11,1448.25645214832,387.615174139799,1437.25645214832
190,12,1284.56150351728,1669.32805366775,221.071601519428,384.766550150465
190,8,47,2018.18159902734,348.853545359592,1971.18159902734
190,5,29,2439.10540221074,420.923803183403,2410.10540221074
190,17,101,2643.58574529511,204.480343084362,2542.58574529511
190,7,41,2670.98784953488,27.4021042397776,2629.98784953488
190,4,23,2735.16554642617,64.1776968912886,2712.16554642617
190,3,436.193299983056,3094.63703348606,359.471487059887,2658.443733503
190,16,95,3349.13910311269,254.502069626626,3254.13910311269
190,9,53,3415.17071970648,66.0316165937929,3362.17071970648
190,18,107,3450.45166120583,35.2809414993485,3343.45166120583
191,3,17,422.07899374856,422.07899374856,405.07899374856
191,9,470.07899374856,646.618163781783,224.539170033223,176.539170033223
191,4,440.07899374856,800.731793241167,154.113629459384,360.652799492607
191,1,428.07899374856,1039.59034422825,238.858550987079,611.511350479686
191,18,107,1106.81374718493,67.2234029566846,999.81374718493
191,15,89,1365.07324482378,258.259497638852,1276.07324482378
191,11,65,1505.66357403516,140.59032921138,1440.66357403516
191,16,1313.32013809665,1810.0472027409,304.383628705736,496.727064644247
191,12,71,2333.25849784102,523.21129510012,2262.25849784102
191,19,113,2885.80217936657,552.543681525548,2772.80217936657
192,13,77,395.615438522167,395.615438522167,318.615438522167
192,18,497.615438522167,778.398150503132,382.782711980965,280.782711980965
192,15,479.615438522167,892.56054389416,114.162393391028,412.945105371993
192,2,1079.69308923569,1346.37377203945,453.813228145288,266.680682803763
192,17,1585.30196566845,1781.6559390761,435.28216703665,196.353973407645
192,16,1983.6242658993,2221.92769571014,440.271756634044,238.303429810838
192,3,2368.01499589846,2493.65731629232,271.729620582176,125.642320393861
192,9,2392.01499589846,2632.50638847301,138.849072180688,240.491392574549
192,11,65,2691.73600730301,59.2296188300065,2626.73600730301
192,5,29,2921.3088197185,229.572812415485,2892.3088197185
192,8,47,3099.62673813007,178.317918411571,3052.62673813007
192,7,41,3224.63126409961,125.004525969538,3183.63126409961
192,4,419.615438522167,3278.7038302262,54.0725661265924,2859.08839170403
193,16,95,369.341928185693,369.341928185693,274.341928185693
193,11,65,519.729767003808,150.387838818115,454.729767003808
193,19,621.729767003808,899.239859277655,379.510092273846,277.510092273846
193,12,585.729767003808,1054.07879117647,154.838931898813,468.349024172659
193,9,573.729767003808,1135.15789464236,81.0791034658887,561.428127638548
193,7,1679.84133883691,1873.88906014468,738.731165502328,194.047721307769
193,13,2496.58445177869,2695.93218138589,822.043121241202,199.347729607193
193,3,2867.98895043121,3040.38601107028,344.453829684392,172.397060639065
193,15,2909.98895043121,3391.85921146725,351.473200396973,481.870261036038
193,20,119,3642.09617550497,250.236964037718,3523.09617550497
194,11,65,379.328033834941,379.328033834941,314.328033834941
194,3,17,637.381337733928,258.053303898987,620.381337733928
194,12,71,760.249496908591,122.868159174663,689.249496908591
194,9,433.328033834941,995.763774556516,235.514277647925,562.435740721575
194,15,1323.31301542267,1574.54954276837,578.785768211854,251.236527345705
194,13,1843.13499776805,1940.52568261574,365.976139847372,97.3906848476947
194,18,1867.13499776805,2041.82366619815,101.297983582407,174.688668430101
194,16,1855.13499776805,2306.7737905741,264.950124375956,451.638792806057
194,7,1825.13499776805,2618.68916817377,311.915377599663,793.55417040572
194,8,47,2874.72682145416,256.037653280396,2827.72682145416
194,19,3199.53618213453,3291.17093431653,416.444112862364,91.6347521820021
194,10,59,3703.9005090676,412.72957475107,3644.9005090676
195,5,29,345.618894114345,345.618894114345,316.618894114345
195,18,447.618894114345,614.363018514072,268.744124399727,166.744124399727
195,4,369.618894114345,905.929924846889,291.566906332817,536.311030732544
195,12,71,1242.94943596016,337.019511113267,1171.94943596016
195,14,83,1263.67135425958,20.7219182994218,1180.67135425958
195,1,5,1307.26055432579,43.5892000662111,1302.26055432579
195,10,1111.3501867933,1477.52602179361,170.265467467825,366.175835000316
195,8,47,1896.45848061038,418.932458816767,1849.45848061038
195,13,77,2496.55120201334,600.092721402957,2419.55120201334
195,19,2203.74699759218,2677.85383504865,181.302633035311,474.106837456462
195,11,65,2757.2784824992,79.4246474505571,2692.2784824992
195,16,2990.79413017288,3161.90421074773,404.625728248526,171.110080574852
196,17,101,310.304688169122,310.304688169122,209.304688169122
196,9,53,563.937012476788,253.632324307666,510.937012476788
196,13,77,594.571988740608,30.6349762638195,517.571988740608
196,14,83,701.744986714781,107.172997974173,618.744986714781
196,11,65,849.834619926883,148.089633212102,784.834619926883
196,8,749.744986714781,1048.992377,199.157757073118,299.247390285219
196,12,761.744986714781,1287.38142892312,238.389051923115,525.636442208335
196,2,11,1469.02531896753,181.643890044417,1458.02531896753
196,16,95,1539.49709232093,70.4717733534014,1444.49709232093
196,1,316.304688169122,1747.05374498568,207.556652664745,1430.74905681656
196,3,328.304688169122,1819.09608375545,72.0423387697715,1490.79139558633
196,18,107,2538.81646607411,719.720382318662,2431.81646607411
196,10,2443.43274858005,2658.97284875193,120.156382677819,215.540100171886
196,5,2425.43274858005,2791.61624235182,132.643393599891,366.183493771776
196,19,2955.45210293699,3097.38141294904,305.765170597214,141.929310012047
196,15,89,3222.8966444434,125.515231494369,3133.8966444434
197,12,71,297.087865430709,297.087865430709,226.087865430709
197,1,5,429.219327561146,132.131462130438,424.219327561146
197,19,405.087865430709,616.77834176414,187.559014202994,211.690476333431
197,14,682.77834176414,962.881301486837,346.102959722696,280.102959722696
197,2,309.087865430709,1118.58079703846,155.699495551626,809.492931607753
197,18,1735.90725836967,1839.71331282123,721.132515782768,103.806054451565
197,20,1657.90725836967,2156.81640211936,317.10308929813,498.909143749695
197,9,53,2713.49074555062,556.674343431255,2660.49074555062
197,4,23,2911.29844980919,197.807704258574,2888.29844980919
197,17,2977.29844980919,3198.46675484942,287.168305040226,221.168305040226
197,6,2929.29844980919,3350.41001256649,151.943257717076,421.111562757303
197,15,2965.29844980919,3441.20983596925,90.7998234027546,475.911386160057
198,12,71,300.556330210905,300.556330210905,229.556330210905
198,1,306.556330210905,660.509358829207,359.953028618302,353.953028618302
198,5,330.556330210905,885.353657732424,224.844298903217,554.79732752152
198,10,1046.17179189442,1230.0632335883,344.709575855872,183.89144169388
198,18,1082.17179189442,1355.8947113994,125.831477811108,273.722919504988
198,7,1028.17179189442,1565.17349192885,209.278780529446,537.001700034434
198,11,1601.17349192885,1921.78110714988,356.60761522103,320.60761522103
198,19,113,2022.59535828657,100.814251136686,1909.59535828657
198,4,23,2089.33127944686,66.7359211602973,2066.33127944686
198,6,35,2172.09332188489,82.7620424380225,2137.09332188489
198,17,101,2347.37991132923,175.286589444346,2246.37991132923
198,16,95,2494.15441745483,146.774506125599,2399.15441745483
198,13,77,3144.5602574333,650.405839978474,3067.5602574333
198,20,3149.5602574333,3418.4230082923,273.862750858997,268.862750858997
199,11,65,423.578976367743,423.578976367743,358.578976367743
199,7,41,1348.06118729515,924.482210927408,1307.06118729515
199,3,2028.8405005999,2239.83759535913,891.776408063982,210.997094759229
199,12,71,2654.30331481,414.465719450866,2583.30331481
199,2,2666.30331481,2992.88517428722,338.581859477223,326.581859477223
199,18,3145.66705029644,3285.88892729829,293.003753011068,140.221877001853
199,17,101,3506.58261107033,220.693683772039,3405.58261107033
199,16,2726.30331481,3683.21022664715,176.627615576825,956.906911837154
199,13,77,3761.04819996173,77.8379733145762,3684.04819996173
199,6,35,3893.58566273567,132.537462773941,3858.58566273567
200,14,83,415.483738191667,415.483738191667,332.483738191667
200,16,95,686.922663133884,271.438924942218,591.922663133884
200,13,493.483738191667,994.032352606733,307.109689472849,500.548614415066
200,4,439.483738191667,1222.39707657168,228.364723964949,782.913338380015
200,11,481.483738191667,1477.88458648919,255.487509917506,996.400848297521
200,12,1324.73731515198,1613.97889258589,136.094306096704,289.241577433909
200,20,1354.73731515198,1758.11625980497,144.137367219078,403.378944652987
200,3,17,1859.51593183724,101.399672032273,1842.51593183724
200,6,35,2309.64206955398,450.126137716738,2274.64206955398
200,9,53,2366.50862557789,56.8665560239065,2313.50862557789
200,8,47,2495.25656368554,128.747938107655,2448.25656368554
200,7,41,2697.19398041353,201.937416727986,2656.19398041353
200,17,101,3380.23334608267,683.039365669142,3279.23334608267
200,1,3391.23334608267,3674.44582262132,294.212476538646,283.212476538646
